"Supplemental Table S3. Class I phosphosites regulated (U50488H/Ctr fold change > 1.5 or U50488H/Ctr ratio < 0.67 fold change and p-value < 0.05) upon U50488H stimulation in the three biological replicas performed. In blue U50488H downregulated phosphosites (U50488H/Ctrl <0.67 fold change), in red upregulated phosphosites (U50488H/Ctrl>1.5 fold change). ",,,,,,,,,,,,,,,,,,,,,,,,,,,,,,,,,,,,,,,,,,,,,,,
Proteins,Positions within proteins,Protein names,Gene names,Localization prob,Amino acid,Sequence window,CONTROL_1 Soluble_1min,CONTROL_2 Soluble_1min,CONTROL_3 Soluble_1min,U50488H_1 Soluble_1min,U50488H_2 Soluble_1min,U50488H_3 Soluble_1min,CONTROL_1 Soluble_60minutes,CONTROL_2 Soluble_60minutes,CONTROL_3 Soluble_60minutes,U50488H_1 Soluble_60minutes,U50488H_2 Soluble_60minutes,U50488H_3 Soluble_60minutes,CONTROL_1 Insoluble_1min,CONTROL_2 Insoluble_1min,CONTROL_3 Insoluble_1min,U50488H_1 Insoluble_1min,U50488H_2 Insoluble_1min,U50488H_3 Insoluble_1min,CONTROL_1 Insoluble_60 minutes,CONTROL_2 Insoluble_60 minutes,CONTROL_3 Insoluble_60 minutes,U50488H_1 Insoluble_60 minutes,U50488H_2 Insoluble_60 minutes,U50488H_3 Insoluble_60 minutes,,Fold changes treat/ctrl,U50488H/CONTROL Soluble 1 minute,U50488H/CONTROL Soluble 60 minutes,U50488H/CONTROL Insoluble 1 minute,U50488H/CONTROL Insoluble 60 minutes,p-values treat/ctrl,U50488H/CONTROL Soluble 1 minute,U50488H/CONTROL Soluble 60 minutes,U50488H/CONTROL Insoluble 1 minute,U50488H/CONTROL Insoluble 60 minutes,Labels,U50488H/CONTROL Soluble 1 minute,U50488H/CONTROL Soluble 60 minutes,U50488H/CONTROL Insoluble 1 minute,U50488H/CONTROL Insoluble 60 minutes,
A0A0G2JKA5,313,Uncharacterized protein C6orf10,C6orf10,1,S,GIPKRQETQLKISEMSIPQGQGAQIKKSVSD,,,,,,,-0.003305247,0.103221552,-0.37621155,-0.795379098,-0.721142092,-0.5883171,-0.190443075,0.089300494,-0.291603361,0.004274611,0.271752572,0.099060563,2.157218078,2.285197632,2.122787013,2.558562592,2.139080498,2.293395282,,,0,-0.609514348,0.255944563,0.141945216,,0,5.797473979,2.860048652,1.543579425,,,C6orf10 S313,,,
A6NI87,169,Protein chibby homolog 3,CBY3,1,S,SRTAWGWKAQVQRSKSQVLLEENNYLKLQQE,,,,,,,,,,,,,0.593369449,0.537282368,0.437317782,1.31926723,1.052742851,1.013748137,0.209202671,-0.149443231,-0.054536467,-0.25548668,0.103220301,-0.041341806,,,0,0,0.605929539,-0.066277053,,0,0,7.738984157,0.555187553,,,,CBY3 S169,,
E9PFB9,540,Coiled-coil domain-containing protein 18,CCDC18,1,S,IEELRTKLIQIEAENSDLKVNMAHRTSQFQL,,,,,,,,,,,,,0.21450067,-0.345014976,0.011533156,0.251906539,-0.094463846,-0.041634696,0.858471258,0.806372195,0.576500852,0.269607837,-0.191128463,0.05869776,,,0,0,0.078263049,-0.701389057,,0,0,0.494432562,6.435525057,,,,,CCDC18 S540,
J3QTJ6,4607,Fibrous sheath-interacting protein 2,FSIP2,1,S,NDIASNLVSDIRMKVSQHEIRFSKEEEETKF,,,,,,,,,,,,,-6.76311147,-5.518857363,-6.465688973,-7.776274128,-6.193171738,-6.125575393,-6.477420728,-6.495547258,-7.014384739,-7.296727301,-7.434680188,-7.517923236,,,0,0,-0.449121151,-0.753992667,,0,0,0.911174908,5.979886781,,,,,FSIP2 S4607,
O75969,236,A-kinase anchor protein 3,AKAP3,1,S,KESTKERQGPDDKPPSKKSFFYKEVFESRNG,,,,,,,,,,,,,,,,,,,-8.282522175,-8.439542595,-8.69900362,-9.384962093,-10.13119951,-9.168503384,,,0,0,0,-1.087865531,,0,0,0,5.254439247,,,,,AKAP3 S236,
P07205,186,Phosphoglycerate kinase 2,PGK2,1,S,RAHSSMVGVNLPHKASGFLMKKELDYFAKAL,,,,,,,,,,,,,-6.300342874,-6.331009556,-6.773765956,-5.940317127,-6.537249634,-6.553094755,-2.561450148,-2.45619328,-2.761738512,-3.41438922,-3.0558717,-3.054117062,,,0,0,0.124818957,-0.581665347,,0,0,0.626465129,5.818339054,,,,,PGK2 S186,
Q5JQC9,268,A-kinase anchor protein 4,AKAP4,1,S,PSPGNKERISPRTPASKIASEMAYEAVELTA,,,,,,,,,,,,,0.586209355,0.840305863,1.426183943,0.133064174,1.198724287,1.041352902,-0.932204322,-0.975079496,-1.026606112,-1.468416668,-1.947900873,-1.355961191,,,0,0,-0.159852599,-0.612796267,,0,0,0.474632496,5.114391792,,,,,AKAP4 S268,
Q5JRM2,260,Uncharacterized protein CXorf66,CXorf66,1,S,PKRSVSLGRAALLSNSELAETCQPYKKKHLV,,,,,,,,,,,,,0.713321479,0.308978302,0.292830337,1.585822745,0.51574283,0.543363915,-4.619932793,-4.733252431,-4.786718442,-4.304413329,-3.953579412,-3.978851116,,,0,0,0.443266458,0.63435327,,0,0,1.707926004,7.210840474,,,,,CXorf66 S260,
Q8IYM1-2,308,Septin-12,SEPT12,1,S,TTPRTFKVCRGAHDDSDDEF___________,,,,,,,,,,,,,-0.190339204,-0.769282862,-0.205715775,-0.39231619,-0.256104156,-0.502551913,-6.912335886,-6.607355836,-6.533657829,-6.376238934,-5.803996613,-5.774244062,,,0,0,0.004788528,0.699623314,,0,0,0.025701908,4.750100277,,,,,SEPT12 S308,
Q96LK8,93,Spermatogenesis-associated protein 32,SPATA32,1,S,YPALKLEAELDTEANSNEESDFEEPMQLVCK,,,,,,,,,,,,,-1.921772463,-1.936909439,-2.316614976,-1.588189255,-2.13702727,-1.984133036,-2.488140451,-2.777887119,-2.896797833,-2.349952496,-1.948114531,-2.103148012,,,0,0,0.155315772,0.587203455,,0,0,1.00724672,5.306131281,,,,,SPATA32 S93,
Q5JQC9,147,A-kinase anchor protein 4,AKAP4,1,Y,STSTCKHKVGDTEGEYHRASSENCYSVYADQ,,,,,,,,,,,,,-2.708484278,-2.752632558,-3.115224582,-2.228443671,-3.114166704,-2.909809498,-3.350420003,-2.655281807,-3.292253313,-3.991586916,-3.859924194,-3.633804459,,,0,0,0.107973848,-0.729120149,,0,0,0.444726912,4.595379376,,,,,AKAP4 Y147,
Q14990,187,Outer dense fiber protein 1,ODF1,0.999997,T,CKEFSLPPCVDEKDVTYSYGLGSCVKIESPC,,,,,,,,,,,,,-2.049488436,-2.833693465,-3.265001707,-1.500089241,-2.638485575,-2.417293456,-3.32383486,-3.808796042,-3.733540148,-3.201952587,-2.951932746,-2.841637313,,,0,0,0.530771779,0.623549468,,0,0,1.528676094,5.167298884,,,,,ODF1 T187,
J3QTJ6,882,Fibrous sheath-interacting protein 2,FSIP2,0.999992,S,FSQDLSVDIKPSLAASDELLTSSNGKPLKNS,,,,,,,,,,,,,-5.193211568,-4.757338222,-4.948135681,-5.082218464,-4.269796238,-4.555844765,-3.657102572,-3.783188665,-4.191926929,-4.589599248,-4.651106915,-4.459885393,,,0,0,0.330275334,-0.689457797,,0,0,1.799407303,5.993038113,,,,,FSIP2 S882,
H0YGG9,147,Solute carrier organic anion transporter family member 1B3,SLCO1B3,0.999983,T,TANLTNQGKNVTKNVTGFFQSLKSILTNPLY,,,,,,,,,,,,,-0.097089576,0.080570239,-0.361763275,-0.857005949,-0.740382549,-0.896807659,,,,,,,,,0,0,-0.705304515,0,,0,0,7.217252259,0,,,,SLCO1B3 T147,,
J3QTJ6,1290,Fibrous sheath-interacting protein 2,FSIP2,0.999902,S,SNTTKSSISSSVHQISLHNSDTEHIVKEAPN,,,,,,,,,,,,,,,,,,,-9.7671096,-9.573595699,-9.751146126,-9.155563568,-8.944545971,-8.925396616,,,0,0,0,0.688781757,,0,0,0,8.947303848,,,,,FSIP2 S1290,
Q8WZ59,127,Transmembrane protein 190,TMEM190,0.999565,S,MPGFLAGPCDMSKSVSLLSKHRGTKKTPSTG,-2.958820942,-2.231053638,-1.351862762,-1.997421665,-1.767308467,-1.423283919,,,,,,,-1.227922621,-1.625467503,-1.243031892,-0.060259058,-0.689689266,-0.815578774,0.803346368,0.730095198,0.934537429,0.833575426,1.119801493,0.915777041,,,0.451241097,0,0.843631639,0.133724988,,1.278031661,0,4.863499308,1.900295012,,,,TMEM190 S127,,
J3QTJ6,758,Fibrous sheath-interacting protein 2,FSIP2,0.997888,S,ETGTKKSKDATTETDSLGSSLHCDKTAKAMD,,,,,,,,,,,,,-7.502956187,-7.739445525,-7.498237483,-7.405102881,-7.5690733,-7.460356638,-7.196349895,-7.228570694,-7.399523969,-6.925183629,-6.410135999,-6.545773614,,,0,0,0.102035459,0.647783772,,0,0,1.580047355,5.820806679,,,,,FSIP2 S758,
P00558,153,Phosphoglycerate kinase 1,PGK1,0.996715,S,NKVKAEPAKIEAFRASLSKLGDVYVNDAFGT,,,,,,,,,,,,,-1.894167971,-0.743997946,-1.211868545,-2.265903519,-0.825347836,-0.890775663,-1.299422965,-1.102750385,-1.169593957,-1.936935173,-1.79527096,-1.638386682,,,0,0,-0.043997518,-0.599608503,,0,0,0.08496276,7.810438215,,,,,PGK1 S153,
H0YGG9,152,Solute carrier organic anion transporter family member 1B3,SLCO1B3,0.995196,S,NQGKNVTKNVTGFFQSLKSILTNPLYVIFLL,,,,,,,,,,,,,-0.097089576,0.080570239,-0.361763275,-0.857005949,-0.740382549,-0.896807659,,,,,,,,,0,0,-0.705304515,0,,0,0,7.217252259,0,,,,SLCO1B3 S152,,
Q8IWZ5,526,Tripartite motif-containing protein 42,TRIM42,0.994127,S,HSETMIARKVTFSTHSLGNQHIYQRSSSMLS,,,,,,,,,,,,,,,,,,,-6.649303977,-6.467760528,-6.301722545,-6.023326559,-5.450385345,-5.918599973,,,0,0,0,0.675491724,,0,0,0,5.105204953,,,,,TRIM42 S526,
J3QTJ6,1224,Fibrous sheath-interacting protein 2,FSIP2,0.989256,S,DISSVPFGHLDSKTGSEASVLVSEKPQGLSH,,,,,,,,,,,,,,,,,,,-5.168972707,-5.402068464,-5.824981673,-6.326828379,-6.341752811,-6.095712472,,,0,0,0,-0.789423606,,0,0,0,5.707334203,,,,,FSIP2 S1224,
Q6ZN84,256,Coiled-coil domain-containing protein 81,CCDC81,0.982797,S,LKDQSDKEEGTRDISSPKRLRDRQALFPAKV,,,,,,,,,,,,,,,,,,,-4.15650875,-4.214446127,-4.363056571,-5.021083755,-5.783699556,-5.180658863,,,0,0,0,-1.083810242,,0,0,0,6.542516837,,,,,CCDC81 S256,
K7EK07,58,Histone H3,H3F3B,0.979785,S,RPGTVALREIRRYQKSTELLIRKLPFQRLMR,,,,,,,,,,,,,-3.264755615,-2.635687646,-2.921967604,-4.148831926,-2.388724657,-2.480539022,-2.959091798,-2.859947518,-2.969386315,-3.475382279,-3.533823637,-3.560513897,,,0,0,-0.065228247,-0.593764727,,0,0,0.122342499,12.61443591,,,,,H3F3B S58,
Q5JQC9,751,A-kinase anchor protein 4,AKAP4,0.97567,Y,FRGTRCIHSGAMPQNYQDSLGHEVIVNNQCS,,,,,,,,,,,,,,,,,,,0.037286697,0.240083099,0.671687553,0.914884639,1.253203136,1.054640806,,,0,0,0,0.757890411,,0,0,0,5.441552853,,,,,AKAP4 Y751,
Q8IYM0,338,Protein FAM186B,FAM186B,0.945005,S,NATGQAEDLAEVSVDSPGPSERETLPRKETV,,,,,,,,,,,,,,,,,,,-4.695711826,-4.968331004,-4.778027599,-4.20776468,-3.934630927,-4.463104105,,,0,0,0,0.612190239,,0,0,0,5.388229859,,,,,FAM186B S338,
Q14990,32,Outer dense fiber protein 1,ODF1,0.938429,S,KVDRELRQLRCIDEFSTRCLCDLYMHPYCCC,,,,,,,,,,,,,,,,,,,-3.191504332,-3.092201284,-2.764299645,-2.314964168,-2.209691789,-2.103951256,,,0,0,0,0.806466016,,0,0,0,7.693005468,,,,,ODF1 S32,
Q8WZ59,140,Transmembrane protein 190,TMEM190,0.886142,S,SVSLLSKHRGTKKTPSTGSVPVALSKESRDV,1.694647175,1.222918327,1.619809514,1.548302164,1.082156333,1.11829921,2.577798863,2.50635894,2.138054511,2.035631207,2.035585354,2.209629608,1.766233401,2.000065471,2.055798538,2.077504286,1.964820679,2.049736036,-0.796114708,-0.70312348,-0.765187076,-0.42705396,0.159381259,-0.213108273,,,-0.262872436,-0.313788715,0.089987864,0.594548097,,1.84865387,3.301169179,1.332898668,5.231500608,,,,,TMEM190 S140,
O75969,612,A-kinase anchor protein 3,AKAP3,1,S,FIRNLLSETIFKRDQSPEPKVPEQPVKEDRK,,,,,,,,,,,,,-5.151692278,-5.355350129,-4.694805027,-5.986568732,-5.702136186,-5.596366427,-9.197828276,-8.697675264,-8.870300798,-9.51262299,-9.428351354,-9.17131693,,,0,0,-0.69440797,-0.448828979,,0,0,4.721761204,3.915678814,,,,AKAP3 S612,,
Q5BJF6-10,74,Outer dense fiber protein 2,ODF2,1,S,VRVKTKVPWMPPGKSSARPVGCKWENPPHCL,,,,,,,,,,,,,-0.300326817,0.21371153,-0.078196027,-0.237063262,0.386233385,0.725395384,1.557523965,1.624096726,1.507605587,0.642796059,0.910817687,1.231147389,,,0,0,0.34645894,-0.634821715,,0,0,1.564222244,5.535951392,,,,,ODF2 S74,
Q5JQC9,265,A-kinase anchor protein 4,AKAP4,1,T,SICPSPGNKERISPRTPASKIASEMAYEAVE,,,,,,,,,,,,,-0.321794515,-0.5397061,0.141539976,-0.191846426,-0.046120914,-0.169408841,-1.527959465,-1.57041297,-1.561204454,-1.954166311,-2.5668087,-1.984364979,,,0,0,0.10419482,-0.615254367,,0,0,0.645073683,4.758345631,,,,,AKAP4 T265,
O43242,413,26S proteasome non-ATPase regulatory subunit 3,PSMD3,0.987941,S,LRHNVIKTGVRMISLSYSRISLADIAQKLQL,,,,,,,,,,,,,,,,,,,-4.433073822,-4.081389046,-3.830853563,-3.612012037,-3.172252181,-3.582350349,,,0,0,0,0.659567288,,0,0,0,4.547072332,,,,,PSMD3 S413,
P25788-2,243,Proteasome subunit alpha type-3,PSMA3,1,S,EAEKYAKESLKEEDESDDDNM__________,,,,,,,,,,,,,-0.326838349,-1.733244479,-0.647634334,-0.959448186,-1.208036124,-1.51354692,-3.089064382,-3.745801484,-3.582265263,-2.169586163,-2.730023599,-2.961659374,,,0,0,-0.324438023,0.851953998,,0,0,0.957504158,4.320008844,,,,,PSMA3 S243,
O75952,464,Calcium-binding tyrosine phosphorylation-regulated protein,CABYR,0.806734,S,PVLSGEAAEAVHSGTSVKSSSGPFPPAPEGL,,,,,,,,,,,,,,,,,,,-7.239844136,-7.596396875,-7.700367512,-8.601759875,-9.135988919,-8.329990034,,,0,0,0,-1.177043435,,0,0,0,6.286739727,,,,,CABYR S464,
Q96JN2-4,1074,Coiled-coil domain-containing protein 136,CCDC136,0.841094,S,GDELVAEPADPEEAKSTEDQEENEEDKEEEE,,,,,,,,,,,,,,,,,,,-4.32651451,-4.60791442,-4.853702401,-5.470497044,-5.808068466,-5.35255065,,,0,0,0,-0.94766161,,0,0,0,6.675904736,,,,,CCDC136 S1074,
J3QTJ6,1294,Fibrous sheath-interacting protein 2,FSIP2,0.799075,S,KSSISSSVHQISLHNSDTEHIVKEAPNKYPL,,,,,,,,,,,,,,,,,,,-9.7671096,-9.573595699,-9.751146126,-9.155563568,-8.944545971,-8.925396616,,,0,0,0,0.688781757,,0,0,0,8.947303848,,,,,FSIP2 S1294,
,,,,,,,,,,,,,,,,,,,,,,,,,,,,,,,,,,,,,,,,,,,,,,,
,,,,,,,,,,,,,,,,,,,,,,,,,,,,,,,,,,,,,,,,,,,,,,,
,,,,,,,,,,,,,,,,,,,,,,,,,,,,,,,,,,,,,,,,,,,,,,,
,,,,,,,,,,,,,,,,,,,,,,,,,,,,,,,,,,,,,,,,,,,,,,,