DatasetName,AKAP12_S(1121) AKAP12_S(1146) AKAP12_S(1223) AKAP12_S(1226) AKAP12_S(1256) AKAP12_S(1290) AKAP12_S(1313) AKAP12_S(1327) AKAP12_S(1331) AKAP12_S(1390) AKAP12_S(1391) AKAP12_S(1395) AKAP12_S(1526) AKAP12_S(1712) AKAP12_S(1727) AKAP12_S(181) AKAP12_S(245) AKAP12_S(266) AKAP12_S(276) AKAP12_S(283) AKAP12_S(286) AKAP12_S(324) AKAP12_S(369) AKAP12_S(371) AKAP12_S(378) AKAP12_S(386) AKAP12_S(392) AKAP12_S(417) AKAP12_S(483) AKAP12_S(505) AKAP12_S(522) AKAP12_S(524) AKAP12_S(536) AKAP12_S(554) AKAP12_S(557) AKAP12_S(565) AKAP12_S(568) AKAP12_S(598) AKAP12_S(604) AKAP12_S(624) AKAP12_S(627) AKAP12_S(629) AKAP12_S(645) AKAP12_S(651) AKAP12_S(660) AKAP12_S(693) AKAP12_S(749) AKAP12_S(75) AKAP12_T(1011) AKAP12_T(1110) AKAP12_T(1115) AKAP12_T(1116) AKAP12_T(1137) AKAP12_T(1159) AKAP12_T(1293) AKAP12_T(1379) AKAP12_T(1655) AKAP12_T(289) AKAP12_T(292) AKAP12_T(492) AKAP12_T(597) AKAP12_T(649) AKAP12_T(688) AKAP12_T(793) AKAP12_Y(269),AKAP12_S(1251) AKAP12_S(1259) AKAP12_S(1287) AKAP12_S(1295) AKAP12_S(13) AKAP12_S(1328) AKAP12_S(1387) AKAP12_S(1407) AKAP12_S(1497) AKAP12_S(1569) AKAP12_S(1587) AKAP12_S(1674) AKAP12_S(1691) AKAP12_S(178) AKAP12_S(219) AKAP12_S(22) AKAP12_S(248) AKAP12_S(253) AKAP12_S(280) AKAP12_S(294) AKAP12_S(3) AKAP12_S(347) AKAP12_S(353) AKAP12_S(364) AKAP12_S(376) AKAP12_S(381) AKAP12_S(388) AKAP12_S(399) AKAP12_S(4) AKAP12_S(400) AKAP12_S(441) AKAP12_S(493) AKAP12_S(5) AKAP12_S(507) AKAP12_S(514) AKAP12_S(537) AKAP12_S(544) AKAP12_S(555) AKAP12_S(612) AKAP12_S(644) AKAP12_S(648) AKAP12_S(696) AKAP12_S(697) AKAP12_S(698) AKAP12_S(701) AKAP12_S(732) AKAP12_S(780) AKAP12_S(783) AKAP12_S(787) AKAP12_S(8) AKAP12_S(806) AKAP12_S(841) AKAP12_S(96) AKAP12_T(1443) AKAP12_T(1760) AKAP12_T(418) AKAP12_T(469) AKAP12_T(521) AKAP12_T(6) AKAP12_T(608) AKAP12_T(642) AKAP12_T(646)
RM2024_Intensity D4-1___3,,
RB2022_4_PostEndurance,0.5699581676982579,
FSO2013_Ratio M/L normalized Rep3,,
SR2019_MCF7_Biol_repl_3,,
RKK2015_IKKb(K44M)+TNF-α/IKKb(K44M),,
SR2019_LM2_Biol_repl_1,0.5693710500811597,
RCJD2014_15min_1,0.5583003327084199,0.472728587080271
AS2011_Ratio H/L Normalized by Proteins Inhi_1,,
CK2022_7 16-1,0.5702779041668783,
NJH2025_Sub12_HIIT_Mid,,
AH2018_LFQ_IT_1_C,0.5776425488252241,0.46876212643860204
RKK2015_TNF-α/basal,,
JJ2018_Ratio H/M normalized pP2,,
NJH2025_Sub12_MICT_Pre,,
NJH2025_Sub7_MICT_Post,,
DL2023_control-3,0.5732343068202458,0.4682447390243261
ZX2022_Control Replicate 2,0.5491791553322347,0.4654558551927673
HS2024_6_B_T3,,
JW2015_Intensity pre1,,
IMM2018_normalised rep. int. Empty-3,0.5710763213915278,
AMK2021_30R_p5,,
FSO2013_Ratio M/L normalized Rep1,,
SR2019_MDAMB231_Biol_repl_4,,
GF2025_P2_Sph,0.5674921842475094,0.4765633228001469
FSO2012_Ratio -/+ 3-MB-PP1 exp. wt2b,,
NJH2025_Sub13_HIIT_Mid,,
CP2009_Ratio M/L,,
NJH2025_Sub7_HIIT_Post,,
KBE2022_Log2_Ex_44_T,,0.46757873621793133
DB2022_Intensity L2,,0.4709563786364897
TM2022_mock.4h.C,0.570160665476353,
AST2020_anti-CD3.2,,
CW2012_10 µM Erl/control Experiment 1 Replicate B,,
HS2024_7_B_N1,,
FSO2013_Ratio M/L normalized Rep1___1,,
SAS2015_AZD/DMSO_Exp3,,
RM2024_Intensity D0-2___3,,
RM2024_Intensity D6-1,,
RB2022_8_RecoverySprint,0.5776993212283976,
RB2022_5_PreEndurance,0.5685500481359326,0.46472195348850276
CKC2017_log2 normalized phosphoproteomics_30min_rep#2,0.5583890133696062,0.463712629546123
EP2017_Untreated R#4 normalized log2 ratio,0.5577253116285199,0.48598457659396266
WZ2023_Pu_010_30min,0.5685773367177115,0.4705482503025098
AS2011_Ratio H/L Proteins RNAi_2,,
RB2022_4_PreStrength,0.568238416631443,0.468375413557611
NJH2024_Sub4_MICT_Post,,
AH2018_LFQ_M_1_X,0.5850211421577527,0.4710775879318729
RB2022_8_RecoveryEndurance,0.5731697892742171,
KBE2022_Log2_Ex_14_U,0.5682414560353569,0.4683142413541407
FSO2013_Ratio M/L normalized Rep3___3,,
AH2018_TMTMS3_1_C,0.5905683783021698,0.4740249920091139
JJ2018_Ratio H/L normalized___1,,
ZQ2022_C2,0.565963767004678,0.4696692953232938
RB2022_5_PreSprint,0.5740246132294861,0.4702591163639494
PG2020_Intensity 8h_C,,
AH2018_SILAC_MR_2_N,0.5801155875772239,0.46576784196764703
MV2014_Ratio M/L normalized A1___2 (2 min),,
TM2022_S2.8h.B,0.5703875580549667,
MV2014_Ratio M/H normalized B3___1 (30 min),,0.46902320682144694
FSO2012_Ratio -/+ 3-MB-PP1 exp. as4a,,
RNJ2017_Log2_ratio_Tsup:Tstim_D2,,
RM2024_Intensity D6-1___2,,
NJH2025_Sub7_MICT_Mid,,
LY2019_P1+,0.5745903476050638,0.4695676457760395
AS2011_Ratio H/L Proteins Inhi_2,,
BS2014_Log2(Ratio H/L normalized),,
UK2020_HCM_2,0.5640758374531107,0.47119255761403206
FSO2013_Ratio H/L normalized Rep2___2,,
EP2017_Pervanadate R#3 normalized log2 ratio,0.5714506487625007,0.46440254849984086
RM2024_Intensity D4-3___3,,
RB2022_5_PreStrength,0.5691927163520406,
NJH2024_Sub4_MICT_Mid,,
TM2022_S2.4h.A,0.570432243627965,
RB2022_5_PostStrength,0.5740023242521637,0.4714256706572912
GF2025_P6_Sph,0.5954979525158512,0.48919240999572683
RB2022_2_PreSprint,0.567318569042663,
ZX2022_CB treated Replicate 3,0.5469418646138633,0.46373922119147437
RM2024_Intensity D6-2___3,,
WZ2023_Pe_025_10min,0.5709431837787294,0.4710159926648205
AS2011_Ratio H/L Normalized by Proteins RNAi_1,,
AST2020_anti-CD3+PDL2.1,,
KBE2022_Log2_Ex_34_U,,0.4719387213218298
WZ2023_Pu_005_10min,0.5660242876032259,0.4680882001049503
AS2011_Ratio H/L RNAi_2_1,,
NJH2024_Sub9_HIIT_Mid,,
CK2022_9 40-1,0.5645771778717921,0.46922540889215836
KTGR2014_Ratio H L Normalized Rep1_Rapamycin_0_15,,
LG2023_GSK3α-1_intensity,0.5748095660861863,0.4672415627623862
WZ2023_Pu_025_30min,0.5698519902706407,0.4701270763764858
AH2018_SILAC_MR_2_X,0.5776353375059149,0.4648001325439266
HS2024_4_PD_T2,,
NJH2024_Sub4_HIIT_Pre,,
RB2022_2_RecoverySprint,0.5697934168004462,
AS2011_Ratio H/L Protein RNAi_1,,
RM2024_Intensity D2-1___2,,
CR2017_Ratio Replicate 1.4,,
FR2021_Norm.Intensity.B,,
RM2024_Intensity D6-2___1,,
YC2018_Log2(SKBR3-LR/SKBR3)_Rep.2-1,,
RB2022_5_PostSprint,0.5672796119194528,
EJN2021_3_Rest_Basal,0.5683609872037806,0.46602788123714667
CR2017_Ratio Replicate 1.3,,
AS2011_Ratio H/L Normalized by Protein RNAi_2,,
KTGR2014_Ratio-Rapa 7 mins,,
AMK2021_120R_p1,,
AH2018_SILAC_3_X,0.5718910727368866,0.468425836472277
JJ2018_Ratio M/L normalized pP3,,
AH2018_SILAC_M_2_N,0.578432153836471,0.47099157794610663
HS2024_7_PD_T2,,
FSO2013_Ratio H/L normalized Rep1___1,,
AH2018_LFQ_1_C,0.5785557853131815,0.47105939079492903
AS2011_Ratio H/L Normalized Inhi_1_3,,
KBE2022_Log2_Ex_28_T,0.5684972971023988,0.4688612059741427
HS2024_3_B_N1,,
RM2024_Intensity D4-2___3,,
WZ2023_Pe_025_30min,0.5699956759278398,0.4708857309092366
CK2022_11 40-1,0.5641194001802012,0.4692213290457993
CW2012_10 µM Erl/control Experiment 3 Replicate B,,
AH2018_SILAC_2_X,0.5774453820838653,0.46969204705311784
MV2014_Ratio H/M normalized A2___2 (2 min),,
AS2011_Ratio H/L RNAi_1_2,,
KS2014_Intensity E15_1,0.5653429595803159,0.46832342364584945
FSO2013_Ratio H/L normalized Rep2,,
WZ2023_Pu_005_20min,0.5667663351183148,0.4696833720613082
NJH2024_Sub10_MICT_Post,,
RM2024_Intensity D2-3___1,,
CR2017_Ratio Replicate 1.5,,
CW2012_10 µM Gef/control Experiment 2 Replicate B,,
HS2024_7_B_T3,,
CKC2017_log2 normalized phosphoproteomics_60min_rep#1,0.5572741692210471,0.4646435710478054
AS2011_Ratio H/L RNAi_1,,
JC2019_Normalised_intensity_A_TiOx_Testis_sample_URO0059,,
AH2018_LFQ_M_1_C,0.5832978874482235,0.4724307104200982
NJH2025_Sub7_MICT_Pre,,
SR2019_SKBR3_Biol_repl_2,,
HS2024_9_B_T2,,
KTGR2014_Ratio-AA 7 mins,,
MV2014_Ratio L/H normalized B3___3 (5 min),,
HS2024_3_PD_T1,,
FSO2013_Ratio M/L normalized Rep3___2,,
SR2019_BT549_Biol_repl_3,,
RCJD2014_20min_mean,0.5695796088026294,0.4680603139394455
FR2021_Norm.Intensity.H,,
RB2022_2_PreStrength,0.5691306641473431,
DB2022_LFQ intensity L1.2,0.5701009525464501,0.4702183969123637
HS2024_4_B_N1,,
KTGR2014_Ratio H M Normalized Rep2_Rapamycin_0_15,,
CK2022_1 16-1,0.5680807409890473,
CK2022_1 200-1,0.5630394784048239,0.4660600901307707
PG2020_Intensity Mock_10h_D,,
SR2019_MCF10A_Biol_repl_2,,
JJ2018_Ratio M/L normalized pP2___2,,
HS2024_6_PD_T1,,
JVO2010_Ratio M/L Normalized by Protein ThymON - Log2 G1/S,,
RB2022_6_RecoveryEndurance,0.5701111861671859,
FSO2012_Ratio -/+ 3-MB-PP1 exp. wt3b,,
EP2017_Mitotic R#2 normalized log2 ratio,0.5864841549107475,0.467017312049833
RCJD2014_5min_1,0.5713736495050813,0.4724476128559426
RM2024_Intensity D4-1___1,,
DL2023_24h-1,0.573521918795703,0.4710770657356943
YC2018_Log2(SKBR3-LR/SKBR3)_Rep.1-1,,
FSO2012_Ratio -/+ 3-MB-PP1 exp. as2b,,
TM2022_S2.4h.C,0.5703306155026162,
SAS2015_PLX/AZD_Exp2,,
CR2017_Ratio Replicate 3.3,,
PG2020_Intensity 2h_C,,
VOI2024_Veh2 di,,
ZX2022_CB treated Replicate 2,0.5465303403489391,0.46395310101317117
KBE2022_Log2_Ex_8_T,0.5686380638698113,0.4677730784558407
NJH2025_Sub10_MICT_Post,,
HS2024_6_I_T3,,
RN2012_L11,0.571847031633349,0.47289947914442904
AS2011_Ratio H/L Normalized Inhi_2_2,,
IMM2018_normalised rep. int. Empty-1,0.5707282344037944,
HS2024_5_PD_T1,,
AH2018_LFQ_M_2_C,0.5823245237627972,0.4729552673540793
CK2022_3 40-1,0.5640591632195678,0.4693064992562671
RBK2021_1260T Early,,0.46863896756873547
NJH2024_Sub4_HIIT_Post,,
HS2024_4_I_T1,,
YA2020_Reporter_intensity_Cancer_No.5,0.5661310793818949,0.47084037960677877
HH2022_Reporter intensity 8,0.5731623194941625,0.47113741186975816
ZQ2022_N2,0.5724913070761664,0.47247117491454255
FSO2012_Ratio -/+ 3-MB-PP1 exp. wt1b,,
FSO2013_Ratio H/L normalized Rep3___3,,
AH2018_TMTMS3_2_N,0.5681375002578336,0.4775164414277763
EJN2021_5_Rest_Basal,0.5675196243459817,0.46562793346242454
NJH2025_Sub2_HIIT_Post,,
NJH2025_Sub1_MICT_Post,,
HS2024_9_B_T1,,
FSO2012_Ratio -/+ 3-MB-PP1 exp. wt1a,,
JAW2011_Ratio H/L LS2_1,,
JVO2010_Log2 Ratio H/M Normalized aphidicolin,,
NJH2024_Sub6_HIIT_Pre,,
AH2018_SILAC_3_N,0.5747667390971497,0.4692302253227195
YA2020_Reporter_intensity_Normal_No.1,0.5678740967194955,0.46793442316266826
HS2024_3_B_T1,,
JJ2018_Ratio H/L normalized___2,,
RM2024_Intensity D0-2,,
MV2014_Ratio M/L normalized B1___2 (5 min),,
RB2022_7_PostStrength,0.5695052924416033,
RB2022_1_PostEndurance,0.57169934784033,
CR2017_Ratio Replicate 3,0.5711428343113214,
SR2019_Hs578T_Biol_repl_3,,
MV2014_Ratio L/H normalized B3___1 (5 min),,
RBK2021_1244T Early,,0.46983422727528246
RB2022_3_PostSprint,0.5739879548685413,0.4684055933887522
NJH2024_Sub13_MICT_Mid,,
KTGR2014_Ratio-AA 2 mins,,
GF2025_P7_Sph,0.5590041849381954,0.46949003670504796
HS2024_8_I_T3,,
CF2017_EOC 3,0.5701470032523067,0.46787172783334546
LATM2013_Normalized Log2 Ratio (Medium/Light) Forward,,
HS2024_6_PD_T3,,
DL2023_12h-2,0.5733964182809259,0.4710848379970329
RM2024_Intensity D6-3___1,,
FS2019_Ctr1,,
WZ2023_Pu_010_20min,0.5687877749229153,0.4692814686617951
AS2011_Ratio H/L_3,,
CK2022_1 40-1,0.5639362499320494,0.4695901364374047
RNJ2017_Log2_ratio_Tsup:Trest_D1,,
CK2022_8 16-1,0.5701644086824064,
KS2014_Intensity N3,0.5634586446877624,0.4685276482676314
RB2022_4_RecoveryEndurance,0.5725994741178546,0.47133440704837354
RB2022_5_RecoveryEndurance,0.5728161381689089,0.4663243211748885
JAW2011_Ratio H/L LS1a_2,,
NJH2024_Sub12_HIIT_Mid,,
AH2018_LFQ_IT_1_N,0.5771096340369656,0.46751699628917387
FSO2013_Ratio H/M normalized Rep2,,
RAM2015_Log2 A,,
HS2024_8_PD_T1,,
JJ2018_Ratio H/L normalized pP2,,
CF2017_OSE 27,0.5872888090942623,0.4825722473113094
KS2014_Intensity E15_2,0.5657511214216622,0.4687610607628444
BS2014_Log2(Ratio H/L protein),,
PG2020_Intensity 8h_A,,
HS2024_7_I_T1,,
VOI2024_Veh3 di,,
RKK2015_TNF-α+SC-514/basal,,
SR2019_JIMT1_Biol_repl_1,,
HW2015_Ratio H/L normalized Exp2,,
HS2024_3_I_N1,,
AH2018_SILAC_M_3_X,0.5724456900067417,0.468797135811416
NJH2024_Sub9_HIIT_Post,,
AS2011_Ratio H/L RNAi_1_3,,
GRW2016_Ratio H/L normalized SILAC 1___2,,
NJH2025_Sub1_HIIT_Pre,,
YC2018_Log2(SKBR3-LR/SKBR3)_Rep.1-2,,
NJH2024_Sub4_HIIT_Mid,,
VOI2024_0.1uM 2 h_1 di,,
KBE2022_Log2_Ex_6_T,0.5686966795918079,0.46891069637984717
RM2024_Intensity D4-3___1,,
AH2018_LFQ_4_X,0.579543995690224,0.46649939991960304
AS2011_Inhi 2_Ratio H/L normalized by corresponding protein level (H:TAL treatment; L: MA treatment),,
RB2022_8_PostEndurance,0.5651358133386614,
NJH2025_Sub4_MICT_Mid,,
YP2020_Intensity C30_R1_mult_log2,,
AST2020_anti-CD3.1,,
NJH2025_Sub4_HIIT_Post,,
EP2017_Untreated R#4 log2 ratio,0.5581937699201177,0.48625349108977906
HS2024_6_B_N1,,
KBE2022_Log2_Ex_27_T,0.5681523873649645,0.4685555571249976
CW2012_10 µM Gef/control Experiment 1 Replicate A,,
VOI2024_0.1uM 24 h_1 mono,,
AMK2021_120R_p5,,
AS2011_Ratio H/L Proteins,,
NJH2024_Sub7_HIIT_Post,,
NJH2015_TMT Subject 1 127_N/126 (Exercise/Basal) (normalized),,0.4684052294080229
AS2011_Ratio H/L RNAi_2_2,,
RB2022_7_RecoveryStrength,0.5697633201888302,0.4676805146733499
AH2018_SILAC_IT_3_X,0.5781720454995255,0.4713120503854706
JAW2011_Ratio H/L,,
PG2020_Intensity 10h_C,,
FSO2013_Ratio M/L normalized Rep2,,
CP2009_Ratio H/M Normalized (50 nM dasatinib vs 5 nM dasatinib),,
HH2022_Reporter intensity 5,0.5734710401243209,0.4716539514422661
SR2019_HCC1954_Biol_repl_2,,
CK2022_14 40-1,0.5626011894436891,0.4683975314314325
RB2022_6_PreSprint,0.5705575572451382,
NJH2025_Sub12_MICT_Mid,,
PG2020_Intensity 4h_D,,
NJH2025_Sub2_MICT_Post,,
AH2018_LFQ_4_C,0.5757727785915474,0.46737758419669034
DL2023_control-1,0.5733053803231755,0.4718721092378994
AR2021_ALG 10 μM,0.5830792027474415,0.49597254755135667
JAW2011_Ratio H/L LS2_2,,
AH2018_SILAC_IT_3_N,0.5757789515578354,0.4701114751852668
EJN2021_4_Rest_Ins,0.5667976152077365,0.4638995607880269
RN2012_H05,0.5663910841036909,0.46845692516433357
NJH2024_Sub7_HIIT_Mid,,
GF2025_P2_Adh,0.5544695693038447,0.4592040743850296
FSO2012_Ratio -/+ 3-MB-PP1 exp. as4b,,
RB2022_8_PostSprint,0.5686673182651981,
EJN2021_1_Rest_Ins,0.5702889874405142,0.46829406188728
HH2022_Reporter intensity 3,0.5616613321334305,0.46700179947905895
FSO2012_Ratio -/+ 3-MB-PP1 exp. wt4b,,
AH2018_SILAC_IT_1_C,0.5782595846900589,0.4686110657438671
JW2021_After_3,,
GF2025_P8_Sph,0.5813932402609092,0.4831174827917441
FSO2012_Ratio -/+ 3-MB-PP1 exp. wt4,,
JJ2018_Ratio M/L normalized pP2___1,,
AH2018_SILAC_2_N,0.5776494841231532,0.4707830436149292
CK2022_11 200-1,0.5606779108702613,0.4648315844333819
CK2022_12 200-1,0.5614991181432941,0.46510761498863196
AS2011_Ratio H/L Normalized by Protein RNAi_1,,
RM2024_Intensity D2-1___3,,
NJH2024_Sub1_MICT_Pre,,
HH2022_Reporter intensity 9,0.5767160481058756,0.4706874187265586
WZ2023_Su_010_20min,0.5667513215347852,0.4698211833605291
AH2018_TMTMS2_2_N,0.5955347394602539,0.4764596617509593
NJH2024_Sub13_MICT_Pre,,
KBE2022_Log2_Ex_41_U,,0.46781298185767567
NJH2015_TMT Subject 3 129_N/128_C (Exercise/Basal) (normalized),,0.47442907892166625
AH2018_TMTMS3_Pool,0.5680662218837795,0.47701464692027973
KS2014_Intensity N4,0.5698426142727953,0.46784600999394577
NJH2024_Sub1_HIIT_Post,,
MM2018_Ratio H/L replicate2,,
RM2024_Intensity D4-2___2,,
NJH2024_Sub13_HIIT_Pre,,
CF2017_OSE 26,0.5872025437058702,0.48658230921233453
CK2022_14 200-1,0.560323540858475,0.4649267021281565
SR2019_Hs578T_Biol_repl_1,,
RB2022_7_PostSprint,0.5638556400042187,
TM2022_mock.4h.A,0.5703644777008564,
NJH2025_Sub12_HIIT_Pre,,
AH2018_TMTMS3_1_N,0.5674513903980275,0.47810315327976205
AST2020_anti-CD3+PDL2.2,,
PG2020_Intensity Mock_10h_A,,
JW2021_After_2,,
NJH2024_Sub2_MICT_Post,,
EJN2021_2_Rest_Ins,0.5654430405861806,0.46870878736694077
SR2019_LM2_Biol_repl_4,0.5694208380412061,
CP2009_Ratio H/M,,
JAW2011_Ratio H/L HS,,
CK2022_13 16-1,0.5677264195529715,
GF2025_P1_Adh,0.5651003194094893,0.46453437236445283
GF2025_P1_Sph,0.5848489504294982,0.4898854726539331
EJN2021_5_Ex_Basal,0.5685176309774146,0.46602991590640364
HS2024_7_I_T3,,
JJ2018_Ratio H/L normalized pP2___2,,
WZ2023_Pe_010_10min,0.569529178721694,0.47067400777163954
CF2017_EOC 1,0.5759324227831168,0.4700428227752968
CK2022_3 200-1,0.5631530236182544,0.46604123124454494
AH2018_LFQ_IT_3_C,0.5781688744193361,0.4712961181041196
SR2019_Hs578T_Biol_repl_2,,
NJH2024_Sub12_HIIT_Post,,
JJ2018_Ratio H/L normalized pP1___2,,
MV2014_Ratio H/L normalized A1___2 (10 min),,
NJH2024_Sub10_MICT_Mid,,
NJH2024_Sub13_MICT_Post,,
BS2014_Log2(Ratio H/L normalized Rep_1),,
RB2022_3_RecoverySprint,0.5689395029501773,
NJH2025_Sub1_HIIT_Mid,,
RCJD2014_20min_2,0.5622039750794056,0.4679982806147556
FSO2012_Ratio -/+ 3-MB-PP1 exp. wt2,,
HS2024_6_PD_T2,,
HS2024_5_B_T1,,
CW2012_10 µM Gef/control Experiment 2 Replicate A,,
DL2023_12h-3,0.5740512843808603,0.4688076253724664
SR2019_MDAMB231_Biol_repl_2,,
HS2024_3_B_T2,,
RB2022_6_PreStrength,0.5713139147538934,
CK2022_2 40-1,0.5639589972733887,0.46968519800949843
RB2022_1_PostSprint,0.5696922445010911,
CK2022_4 200-1,0.5630731892536538,0.4663376721462314
JW2021_Before_2,,
TM2022_S2.12h.A,0.5703447948881515,
MV2014_Ratio L/M normalized B2___2 (30 min),,
CK2022_5 16-1,0.5701355668030826,
AR2021_ALG 1 μM,0.5689450184342801,0.48450007691860303
HS2024_4_B_T1,,
MV2014_Ratio M/H normalized A3___1 (10 min),,0.4674143274305965
SR2019_BT549_Biol_repl_4,,
EJN2021_1_Rest_Basal,0.5696281776575816,0.46936153298013383
NJH2025_Sub8_MICT_Post,,
RCJD2014_5min_3,0.5707509069943238,0.47035521200192976
CR2017_Ratio Replicate 3.2,,
FSO2012_Ratio -/+ 3-MB-PP1 exp. as3a,,
GF2025_P7_Adh,0.5585016077099589,0.465741397299789
CK2022_9 16-1,0.5699943089670515,
NJH2024_Sub6_HIIT_Post,,
AMK2021_30R_p3,,
AS2011_Ratio H/L Normalized RNAi_2,,
RM2024_Intensity D0-2___2,,
KS2014_Intensity pY_N4,,
CK2022_13 200-1,0.5602217808750156,0.4646827661183518
AS2011_Ratio H/L Normalized_2,,
PG2020_Intensity 6h_D,,
CK2022_16 16-1,0.5678252123441382,
FS2019_db/db3,,
CK2022_15 40-1,0.5630804803254312,0.4681264676715441
NJH2024_Sub9_MICT_Pre,,
BS2014_Log2(Ratio H/L unmodified peptide),,
WZ2023_Su_005_10min,0.5675138277999421,0.4694961963151553
RM2009_Ratio M/L (M:15 min timepoint;L:0 min. timepoint),,
KBE2022_Log2_Ex_41_T,,0.46884616529416445
AMK2021_Ctrl_p1,,
AH2018_LFQ_IT_3_X,0.5773988875944153,0.46967185117847954
HS2024_5_PD_T3,,
AH2018_TMTMS3_3_X,0.5650672592673921,0.47540406379996747
FSO2012_Ratio -/+ 3-MB-PP1 exp. as2,,
KBE2022_Log2_Ex_40_U,0.5694172917176691,0.46951367884468453
AH2018_LFQ_M_1_N,0.5813031598373896,0.4729466219137384
KBE2022_Log2_Ex_27_U,0.5710302355797215,0.471301458503761
HW2015_Ratio M/L normalized Exp3,,
RKK2015_TNF-α/IKKb(K44M),,
AH2018_SILAC_M_1_N,0.5774586389722329,0.46914339855113857
HW2015_Ratio M/L normalized Exp1,,
RB2022_5_RecoveryStrength,0.5671756039636883,0.4680773863951854
YP2020_Intensity P10_R1_mult_log2,,
RB2022_7_PreStrength,0.5664124151984027,0.46677612413960534
YA2020_Reporter_intensity_Normal_No.4,0.5674598919627969,0.4671683620116302
NJH2025_Sub13_HIIT_Pre,,
PG2020_Intensity CT_D,,
NJH2025_Sub9_MICT_Post,,
VOI2024_Veh1 mono,,
CK2022_12 16-1,0.5699173525868763,
RN2012_L13,0.566922854233014,0.47377968574446794
LG2023_Control-1_intensity,0.5725176454987044,
RM2024_Intensity D6-3___2,,
KBE2022_Log2_Ex_8_U,0.568791517982478,0.46780791005189626
SR2019_SKBR3_Biol_repl_3,,
NJH2024_Sub1_MICT_Post,,
HS2024_3_I_T2,,
KTGR2014_Ratio M L Normalized Rep2_Rapamycin_0_15,,
RM2024_Intensity D0-3___3,,
HS2024_6_I_T2,,
CW2012_10 µM Erl/control Experiment 2 Replicate B,,
AS2011_Ratio H/L Protein Inhi_1,,
FSO2013_Ratio H/M normalized Rep2___1,,
GRW2016_Ratio M/L normalized SILAC 5a___2,,
CK2022_10 40-1,0.5645039206218708,0.46943865193739354
NJH2024_Sub12_HIIT_Pre,,
NJH2024_Sub8_MICT_Pre,,
RM2024_Intensity D0-1___1,,
LY2019_P3+,0.5601476010527787,0.4690793876120125
HH2022_Reporter intensity 6,0.5781897683611681,0.4721296282133969
RB2022_2_RecoveryStrength,0.5688715377007196,
KTGR2014_Ratio-AA 15 mins,,
AS2011_Ratio H/L Normalized RNAi_2_2,,
KS2014_Intensity pY_N3,,
MV2014_Ratio H/L normalized B1___2 (30 min),,
LY2019_P5-,0.5719881171466578,0.47318510879347725
HW2015_Ratio M/L normalized Exp2,,
SR2019_HCC1419_Biol_repl_1,,
AH2018_TMTMS2_3_X,0.5919602654206306,0.47495825830653987
GF2025_P3_Adh,0.55874601720624,0.46050253101368216
SR2019_JIMT1_Biol_repl_2,,
AH2018_TMTMS2_1_C,0.5938251935399286,0.47691892393587815
RM2024_Intensity D0-1___2,,
LY2019_P4+,0.5871387548011774,0.4749814195954353
KBE2022_Log2_Ex_19_U,0.5696359485039039,0.46985475564607665
CKC2017_log2 normalized phosphoproteomics_0min_rep#1,0.5606843207823596,0.46543013725285676
RB2022_4_PostStrength,,
LG2023_GSK3α-3_intensity,0.5749734801970505,0.4698351910882894
YA2020_Reporter_intensity_Cancer_No.1,0.5703350424996086,0.47097539077024697
AST2020_Control,,
JAW2011_Ratio H/L LS1a,,
RCJD2014_5min_mean,0.5682505062206514,0.4680391118954906
NJH2015_iTRAQ Subject 4 114/115 (Exercise/Basal) (normalized),,
NJH2025_Sub1_MICT_Mid,,
TM2022_S2.12h.C,0.5702387803195332,
NJH2025_Sub9_MICT_Mid,,
CKC2017_log2 normalized phosphoproteomics_120min_rep#2,0.5579571363892997,0.4638614978110363
AS2011_Ratio H/L Normalized Inhi_1_2,,
FSO2013_Ratio M/L normalized Rep2___1,,
LG2023_Control-2_intensity,0.577345616317178,
NJH2024_Sub8_HIIT_Pre,,
KS2014_Intensity pY_N2,,
RB2022_5_RecoverySprint,0.5776693253728751,0.47209797890159905
RB2022_7_RecoverySprint,0.568593312859199,
YA2020_Reporter_intensity_Normal_No.3,0.568653859709653,0.4664485241350919
HS2024_8_B_T2,,
AH2018_LFQ_1_X,0.5812286263091034,0.4670439146533906
RM2024_Intensity D6-1___1,,
RCJD2014_10min_2,0.560685861666032,0.46760950336444185
FR2021_Norm.Intensity.M,,
RM2024_Intensity D0-3___1,,
KS2014_Intensity N2,0.5652415129506998,0.4686621794579532
HH2022_Reporter intensity 1,0.5612047368231543,0.46662238918345955
HH2022_Reporter intensity 2,0.5614978047365226,0.4663239217433148
RM2024_Intensity D6-2___2,,
FSO2012_Ratio -/+ 3-MB-PP1 exp. as1,,
RM2024_Intensity D2-3___2,,
YA2020_Reporter_intensity_Normal_No.5,0.5687713070990519,0.471378439284717
SR2019_MCF7_Biol_repl_1,,
FSO2012_Ratio -/+ 3-MB-PP1 exp. as1a,,
HS2024_8_B_T1,,
NJH2025_Sub6_HIIT_Pre,,
RNJ2017_Log2_ratio_Tsup:Tstim_D1,,
EP2017_Untreated R#2 log2 ratio,0.5564260468455909,0.4699013630049543
SR2019_LM2_Biol_repl_3,0.5688784355585963,
RB2022_4_RecoveryStrength,0.5681344106639545,0.46256463742661874
CR2017_Ratio Replicate 2,0.5707954586957485,
CW2012_10 µM Erl/control Experiment 2 Replicate A,,
FSO2013_Ratio H/M normalized Rep3,,
AR2021_KD 72h,0.5522605036552997,0.4567034735775003
MV2014_Ratio H/M normalized B2___3 (5 min),,
KBE2022_Log2_Ex_18_U,0.5669810597911771,0.46806225551816155
AS2011_Ratio H/L Inhi_1_1,,
NJH2024_Sub8_MICT_Post,,
AH2018_TMTMS3_3_C,0.5679379186335171,0.47831659345270716
KBE2022_Log2_Ex_9_U,0.5704584300065855,0.4704674201571797
AH2018_SILAC_M_3_N,0.5751898645012006,0.46958302372801175
KBE2022_Log2_Ex_13_T,0.5684135630539752,0.46830805277405385
RM2024_Intensity D0-3,,
SR2019_SKBR3_Biol_repl_1,,
PG2020_Intensity Mock_10h_C,,
CF2017_OSE 29,0.5754787276557415,0.4714563008974112
YB2013_Ratio_H_L_Normalized_in_experiment_1,,
NJH2025_Sub1_HIIT_Post,,
DL2023_24h-2,0.5697262128922035,0.4682756828177833
HS2024_7_B_N2,,
PG2020_Intensity 10h_A,,
RN2012_L12,0.5625108010799781,0.46772383535676554
MV2014_Ratio M/L normalized B1___3 (5 min),,
NJH2024_Sub8_MICT_Mid,,
AH2018_LFQ_IT_4_C,0.573736367907644,0.4699604074134285
SAS2015_PLX/AZD_Exp1,,
FR2021_Norm.Intensity.A,,
FSO2013_Ratio H/M normalized Rep1___1,,
JW2015_Intensity cap2,,
BS2014_Log2(Ratio H/L normalized Rep_2),,
NJH2024_Sub6_MICT_Post,,
CK2022_8 40-1,0.5673682676828692,0.470731398986762
RB2022_7_RecoveryEndurance,0.5804408449026611,0.47118118841716755
NJH2025_Sub12_HIIT_Post,,
EJN2021_4_Ex_Basal,0.5679832616239914,0.4712960480745586
TM2022_S2.12h.B,0.5703447948881515,
RN2012_L15,0.5713524723524751,0.46951584007004105
KS2014_Intensity pY_PV3,,
TM2022_S2.4h.B,0.5704091561570203,
PG2020_Intensity 4h_A,,
FSO2013_Ratio H/M normalized Rep2___2,,
TM2022_mock.4h.B,0.570255065547965,
KBE2022_Log2_Ex_24_U,,0.46889036216448376
NJH2025_Sub13_MICT_Mid,,
KS2014_Intensity C3,0.5656554379020529,
RB2022_1_PreSprint,0.5733185130764757,
HS2024_4_I_N1,,
CK2022_7 200-1,0.5725507227607846,0.4702967086303076
CK2022_5 200-1,0.5729425099717004,0.4696993784852627
CKC2017_log2 normalized phosphoproteomics_120min_rep#3,0.5570016851141328,0.4639131902799195
FSO2013_Ratio H/L normalized Rep2___1,,
NJH2024_Sub10_HIIT_Mid,,
RB2022_2_PostEndurance,0.5681581612001089,
AH2018_LFQ_2_C,0.5760917168373575,0.470293321114369
AH2018_SILAC_MR_1_X,0.5803806011075554,0.465107593702395
KTGR2014_Ratio H M Normalized Rep1_Rapamycin_0_15,,
IMM2018_normalised rep. int. Empty-2,0.5709796977958416,
RM2024_Intensity D4-1,,
KBE2022_Log2_Ex_25_U,,0.46777691846625313
AH2018_SILAC_3_C,0.57376713952817,0.4699758441349221
EJN2021_5_Rest_Ins,0.568225752327738,0.46770087844986247
VOI2024_0.1uM 24 h_3 di,,
RNJ2017_Log2_ratio_Tstim:Trest_D3,,
DB2022_LFQ intensity L2.1,0.5649362304430883,0.4669781889495254
FSO2013_Ratio H/M normalized Rep1,,
CK2022_4 16-1,0.5684197771303855,
AS2011_Ratio H/L,,
SR2019_MCF7_Biol_repl_4,,
EJN2021_2_Ex_Ins,0.5670590973500474,0.4682636549804179
AS2011_Ratio H/L Inhi_2_3,,
JAW2011_Ratio H/L LS1a_1,,
AH2018_LFQ_1_N,0.5748398662035824,0.47038435806167816
SAS2015_PLX/DMSO_Exp1,,
SFR2015_HL_log2_ratio_avg_c,0.5653790773774464,
JJ2018_Ratio M/L normalized pP2,,
NJH2024_Sub7_MICT_Mid,,
PG2020_Intensity 6h_B,,
FSO2013_Ratio H/L normalized Rep3,,
GRW2016_Ratio H/L normalized SILAC 2___2,,
RKK2015_IKKb(K44M)+TNF-α/TNF-α,,
JJ2018_Ratio M/L normalized,,
KTGR2014_Ratio-AA 30 mins,,
JW2021_After_1,,
NJH2025_Sub2_MICT_Mid,,
HS2024_6_B_N2,,
KBE2022_Log2_Ex_9_T,0.5693280638250117,0.4693993965750994
AH2018_SILAC_IT_2_N,0.5730826094941441,0.46944399763930944
AH2018_SILAC_IT_1_X,0.5786468748399846,0.47305225682889107
HW2015_Ratio H/L normalized Exp3,,
HS2024_7_PD_T1,,
UK2020_UA_2,0.5648139965477361,0.4715227182884385
RM2024_Intensity D2-1___1,,
GF2025_P10_Sph,0.5433146477756595,0.46097953466315106
WZ2023_Pe_025_20min,0.5701554842772532,0.47106068891825614
JVO2010_Log2 Ratio M/L Normalized aphidicolin,,
AH2018_LFQ_2_N,0.578589222589987,0.46955213326600287
HS2024_4_I_N2,,
AH2018_TMTMS2_3_N,0.592383297547594,0.47434228575658544
RN2012_H06,0.5614167651663098,0.4718561921334094
AS2011_Inhi 1_Ratio H/L normalized by corresponding protein level (H:TAL treatment; L: MA treatment),,
HS2024_4_PD_T3,,
WZ2023_Su_005_30min,0.5677324145757586,0.4686647599294637
SR2019_HCC1419_Biol_repl_4,0.5673621217814326,
JJ2018_Ratio H/M normalized___2,,
SR2019_JIMT1_Biol_repl_3,,
AS2011_Ratio H/L Protein,,
UK2020_HCM_3,0.5632808471913373,0.47055652577768486
NJH2024_Sub10_HIIT_Post,,
CR2017_Ratio Replicate 3.1,0.5665950686005587,
WZ2023_Su_025_10min,0.56697783712007,0.46857794233895506
AH2018_LFQ_IT_4_X,0.5718573118121558,0.46841712029993765
CP2009_Ratio H/L,,
VOI2024_0.1uM 24 h_3 mono,,
RB2022_4_RecoverySprint,0.5707341264193387,0.47039859761376474
RM2024_Intensity D6-3,,
WZ2023_Su_005_20min,0.5669901418885972,0.4701538945986543
CW2012_10 µM Gef/control Experiment 1 Replicate B,,
SFR2015_HL_log2_ratio_avg_a,0.5695034821686958,0.4696228425625275
CW2012_10 µM Erl/control Experiment 3 Replicate A,,
RB2022_1_PreEndurance,0.5720793899999275,
FSO2012_Ratio -/+ 3-MB-PP1 exp. wt3a,,
LG2023_GSK3α-2_intensity,0.5731892305487957,0.46902790489018364
EP2017_Pervanadate R#1 log2 ratio,0.5621322194129513,0.46779190509408497
NJH2025_Sub6_HIIT_Post,,
RB2022_6_RecoverySprint,0.5685870967629101,
KS2014_Intensity,0.5673507454604418,0.46711445758796594
MV2014_Ratio H/M normalized A2___1 (2 min),,
PG2020_Intensity 8h_D,,
LY2019_P7+,0.5739969506065896,0.4684411520545305
EP2017_Untreated R#1 normalized log2 ratio,0.5561911385291446,0.47932420080103727
RN2012_L10,0.5633424395482601,0.4655520224423583
PG2020_Intensity 4h_C,,
EP2017_Mitotic R#3 normalized log2 ratio,0.5765613775732199,0.4640631233392893
FSO2012_Ratio -/+ 3-MB-PP1 exp. as4,,
DB2022_LFQ intensity L1,0.5678413673997517,0.4697002348555311
KBE2022_Log2_Ex_24_T,,0.46826808906700096
RB2022_8_PostStrength,0.5826520841501645,
AH2018_SILAC_IT_2_X,0.5779814885283211,0.47045226110300425
HS2024_4_B_T3,,
NJH2024_Sub2_HIIT_Post,,
HS2024_8_B_N2,,
NJH2025_Sub8_HIIT_Pre,,
JJ2018_Ratio H/L normalized pP2___1,,
HS2024_8_I_T2,,
KBE2022_Log2_Ex_6_U,0.5698605358768518,0.46832280437089474
LATM2013_Normalized Log2 Ratio (Light/Medium) Reverse,,
CR2017_Ratio Replicate 1.1,,
CKC2017_log2 normalized phosphoproteomics_30min_rep#1,0.5578178280999713,0.4637939053374139
MV2014_Ratio M/H normalized B3___2 (30 min),,
CK2022_16 200-1,0.5609806552504086,0.46498670686851823
VOI2024_0.1uM 2 h_3 di,,
EP2017_Mitotic R#1 normalized log2 ratio,0.5836760608034458,0.46452733218522924
GF2025_P9_Sph,0.5890481151655506,0.49059856124450324
CK2022_6 200-1,0.5727342905890794,0.4697036193326745
NJH2024_Sub7_MICT_Post,,
AH2018_TMTMS3_2_X,0.5676857094619693,0.4776823241979221
NJH2024_Sub8_HIIT_Post,,
DB2022_LFQ intensity R1,0.5611277555246541,0.4615964088475348
JW2015_Intensity cap3,,
SR2019_HCC1954_Biol_repl_1,,
HS2024_4_I_T2,,
NJH2024_Sub2_MICT_Mid,,
VOI2024_0.1uM 2 h_2 mono,,
CP2009_Ratio M/L Normalized (5 nM dasatinib vs Ctrl),,
FSO2012_Ratio -/+ 3-MB-PP1 exp. as3b,,
HS2024_4_PD_T1,,
SAS2015_AZD/DMSO_Exp1,,
NJH2024_Sub1_MICT_Mid,,
IMM2018_normalised rep. int. CDK5L-3,0.5709398186870066,
HS2024_3_B_T3,,
MV2014_Ratio L/H normalized A3___2 (2 min),,
NJH2025_Sub13_MICT_Pre,,
SR2019_MDAMB231_Biol_repl_3,,
GRW2016_Ratio H/L normalized SILAC 4___1,,
MM2018_Ratio H/L replicate1,,
PG2020_Intensity 2h_D,,
EP2017_Untreated R#3 normalized log2 ratio,0.5621050737257606,0.4722739708179285
MV2014_Ratio M/H normalized A3___3 (10 min),,
NJH2024_Sub7_HIIT_Pre,,
JAW2011_Ratio H/L LS2,,
CK2022_8 200-1,0.5727397520486606,0.4702428921174555
KS2014_Intensity pY_C4,,
CR2017_Ratio Replicate 3.5,,
RB2022_7_PostEndurance,0.5656771672156697,
NJH2025_Sub4_HIIT_Pre,,
CKC2017_log2 normalized phosphoproteomics_90min_rep#3,0.5578728226428831,0.464487372720031
TM2022_mock.12h.A,0.5702677173519641,
JJ2018_Ratio H/L normalized pP1,,
EP2017_Pervanadate R#2 normalized log2 ratio,0.5708552689875984,0.46410821225124627
AS2011_Ratio H/L Normalized by Protein (Unnormalized),,
KS2014_Intensity pY_E5_4,,
RM2024_Intensity D4-3___2,,
CKC2017_log2 normalized phosphoproteomics_15min_rep#1,0.560272873248375,0.46419432009400646
AH2018_SILAC_2_C,0.578189391879965,0.4713147567003734
AS2011_RNAi 2_Ratio H/L normalized by corresponding protein level (H: shPlk1; L: shEg5),,
HS2024_7_I_N1,,
KBE2022_Log2_Ex_29_T,0.5680495495514443,0.4675134964710195
HS2024_7_I_T2,,
AS2011_Ratio H/L Normalized RNAi_2_3,,
CW2012_10 µM Gef/control Experiment 3 Replicate B,,
HS2024_6_B_T2,,
AMK2021_45I_p5,,
CW2012_10 µM Erl/control Experiment 1 Replicate A,,
SAS2015_PLX/DMSO_Exp2,,
EJN2021_1_Ex_Basal,0.5690262755788794,0.4694503427489783
FR2021_Intensity.M,,
RB2022_2_PostSprint,0.5700516168053618,
AH2018_SILAC_MR_3_N,0.5834905295647494,0.46565892743905973
MV2014_Ratio H/L normalized B1___3 (30 min),,
CF2017_FTE 13,0.5807197644084346,0.47265733242473884
PG2020_Intensity CT_C,,
ZCP2016_Ratio H/L Rep 1,0.5694303987736379,
FS2019_db/db2,,
KS2014_Intensity pY_PV4,,
KBE2022_Log2_Ex_39_U,0.5688453526810326,0.46815010499230675
EP2017_Untreated R#3 log2 ratio,0.5627673899613731,0.4725588609585826
RB2022_2_PostStrength,0.5804236438848759,0.47250787894367663
AS2011_Ratio H/L Normalized_1,,
MV2014_Ratio M/H normalized A3___2 (10 min),,
CR2017_Ratio Replicate 3.4,,
HS2024_8_PD_T2,,
FS2019_Ctr2,,
RB2022_6_PreEndurance,0.5687829261500219,
FR2021_Norm.Intensity.G,,
NJH2025_Sub9_HIIT_Post,,
CKC2017_log2 normalized phosphoproteomics_0min_rep#3,0.5588227276567334,0.46570496860319543
RM2024_Intensity D4-3,,
HS2024_8_B_N1,,
NJH2025_Sub10_MICT_Mid,,
KBE2022_Log2_Ex_15_U,0.5701126833555705,0.4686450273302361
AS2011_Ratio H/L Normalized Inhi_2,,
RKK2015_TNF-α/SC-514,,
RB2022_3_PreSprint,0.5688014237379688,
CR2017_Ratio Replicate 2.3,,
RM2009_Ratio M/L Normalized by Corresponding Protein Level (M:15 min timepoint;L:0 min. timepoint),,
CP2009_Ratio H/L Normalized (50 nM dasatinib vs Ctrl),,
GF2025_P4_Adh,0.5592247038446878,0.4605828204329776
YA2020_Reporter_intensity_Normal_No.2,0.5685393630913369,0.46645657263100787
YP2020_Intensity P30_R2_mult_log2,,
NJH2025_Sub13_MICT_Post,,
HS2024_4_B_N2,,
HS2024_3_PD_T3,,
AMK2021_120R_p3,,
MV2014_Ratio L/H normalized A3___3 (2 min),,
NJH2025_Sub10_HIIT_Pre,,
FR2021_Intensity.G,,
RAM2015_Log2 C,,
AS2011_Ratio H/L Proteins Inhi_1,,
FSO2013_Ratio H/M normalized Rep1___3,,
AH2018_LFQ_M_2_N,0.5824688485249613,0.4724868419275998
MV2014_Ratio M/L normalized A1___3 (2 min),,
KBE2022_Log2_Ex_40_T,0.5684246642776982,0.4679574953099618
CK2022_2 16-1,0.5683337312716727,
RAM2015_Log2 B,,
YP2020_Intensity C10_R1_mult_log2,,
FSO2013_Ratio M/L normalized Rep1___2,,
NJH2025_Sub8_MICT_Pre,,
EJN2021_4_Rest_Basal,0.5679231567115729,0.4654974738156511
YB2013_Ratio_H_L_Normalized_in_experiment_2,,
JJ2018_Ratio H/M normalized pP3___1,,
VOI2024_Veh2 mono,,
HS2024_6_B_T1,,
UK2020_HCM_5,0.563945925623616,0.4714229338847959
NJH2025_Sub10_HIIT_Post,,
VOI2024_0.1uM 2 h_3 mono,,
JW2015_Intensity pre3,,
AS2011_Ratio H/L Normalized Inhi_2_1,,
DL2023_24h-3,0.5724894385295419,0.4693308185997521
HS2024_7_PD_T3,,
PG2020_Intensity Mock_10h_B,,
WZ2023_Su_025_30min,0.5662256383291585,0.4685177782980274
AH2018_LFQ_4_N,0.5809078231492674,0.46733672580093105
CR2017_Ratio Replicate 1.2,,
AS2011_Ratio H/L Normalized by Proteins,,
RB2022_6_RecoveryStrength,0.5702090595221828,
HS2024_8_I_N1,,
AMK2021_Ctrl_p3,,
AS2011_Ratio H/L Protein Inhi_2,,
HH2022_Reporter intensity 7,0.5776604179896245,0.4720183157749264
AH2018_SILAC_M_1_X,0.5764289104164092,0.4681639380728087
RB2022_7_PreEndurance,0.5843392448340416,0.4750217368936114
VOI2024_0.1uM 24 h_2 di,,
DL2023_control-2,0.5731590901271365,0.47135988745602114
LY2019_P6+,0.5774821052550801,0.4719098242609167
DB2022_LFQ intensity R2,0.5718920046941337,0.4706109545570703
GF2025_P6_Adh,0.581267203015934,0.48285354056068225
VOI2024_Veh1 di,,
AS2011_Ratio H/L RNAi_2,,
FSO2012_Ratio -/+ 3-MB-PP1 exp. as3,,
VOI2024_Veh3 mono,,
HS2024_5_I_T2,,
NJH2025_Sub7_HIIT_Mid,,
MV2014_Ratio H/L normalized B1___1 (30 min),,0.46931311582531804
RM2009_Ratio H/L (H:60 min timepoint;L:0 min. timepoint),,
RB2022_6_PostSprint,0.5684521303080216,
KTGR2014_Ratio H L Normalized Rep2_Rapamycin_0_15,,
AS2011_Ratio H/L Inhi_1,,
AS2011_Ratio H/L Normalized RNAi_1_2,,
AH2018_TMTMS3_2_C,0.5676609347323712,0.4758111639119392
SR2019_Hs578T_Biol_repl_4,,
RB2022_8_PreStrength,0.5685203057406465,
KS2014_Intensity C5,0.5636457869538444,
RM2024_Intensity D0-1,,
CW2012_10 µM Gef/control Experiment 3 Replicate A,,
YP2020_Intensity P30_R1_mult_log2,,
NJH2025_Sub2_HIIT_Pre,,
RB2022_3_RecoveryEndurance,0.5726280509413506,
RNJ2017_Log2_ratio_Tstim:Trest_D2,,
GF2025_P9_Adh,0.5787020207551176,0.47907474336431927
RB2022_3_PostStrength,0.5683707901962364,
TM2022_S2.8h.A,0.5703606028242668,
AS2011_Ratio H/L RNAi_1_1,,
AS2011_Ratio H/L Normalized by Proteins RNAi_2,,
FSO2012_Ratio -/+ 3-MB-PP1 exp. wt1,,
AS2011_Ratio H/L Normalized by Protein Inhi_1,,
NJH2025_Sub2_MICT_Pre,,
MV2014_Ratio L/M normalized A2___3 (10 min),,
MV2014_Ratio H/M normalized A2___3 (2 min),,
HS2024_4_B_T2,,
SR2019_BT549_Biol_repl_1,,
AH2018_LFQ_M_4_N,0.5839340778421255,0.4706273339753227
NJH2024_Sub8_HIIT_Mid,,
PG2020_Intensity 8h_B,,
AH2018_LFQ_2_X,0.5787887265366699,0.46834246554072034
PG2020_Intensity 2h_B,,
AS2011_Ratio H/L Proteins RNAi_1,,
RB2022_4_PostSprint,0.5731501214247721,0.4697901797060891
KS2014_Intensity E15_3,0.5676149227202306,0.469313874407175
GF2025_P3_Sph,0.5586760517627494,0.4623049891530051
DB2022_LFQ intensity L2,0.5702213622763135,0.4699643962762698
MV2014_Ratio H/L normalized A1___1 (10 min),,0.4683418851781277
AH2018_SILAC_1_C,0.5776183262876075,0.46877093158701294
NJH2024_Sub1_HIIT_Pre,,
FSO2013_Ratio M/L normalized Rep2___2,,
NJH2015_TMT Subject 4 130_N/129_C (Exercise/Basal) (normalized),,0.47035508101824636
AS2011_Ratio H/L RNAi_2_3,,
AH2018_SILAC_IT_1_N,0.5749725061719938,0.4708757120581756
KTGR2014_Ratio H M Normalized Rep2_AA_starvation_0_15,,
RB2022_4_PreEndurance,0.5713823951674623,0.46595927594298975
JJ2018_Ratio M/L normalized pP1,,
CR2017_Ratio Replicate 2.4,,
ZQ2022_N1,0.5747694705094935,0.47186337206322115
LY2019_P6-,0.5617353879662043,0.46963455761603845
RM2024_Intensity D2-3,,
UK2020_HCM_1,0.5656444450355516,0.47034210440368435
JW2015_Intensity pre2,,
KTGR2014_Ratio M L Normalized Rep1_AA_starvation_0_15,,
RM2024_Intensity D2-1,,
NJH2025_Sub12_MICT_Post,,
MV2014_Ratio H/M normalized B2___2 (5 min),,
RN2012_L14,0.5826691705387502,0.48421224459443485
AH2018_LFQ_3_N,0.5801984248280257,0.4695524455513999
RKK2015_TNF-α/IKKb,,
SFR2015_HL_log2_ratio_std_b,0.5696653542763578,0.4716386248458589
UK2020_UA_1,0.5647072764022869,0.47026749610068047
KBE2022_Log2_Ex_13_U,0.5686019539334207,0.46828814524676854
AS2011_Ratio H/L Normalized Inhi_1,,
RNJ2017_Log2_ratio_Tsup:Trest_D2,,
RB2022_1_RecoverySprint,0.5784932773360741,
CKC2017_log2 normalized phosphoproteomics_120min_rep#1,0.5612645659084945,0.4649989995733517
JJ2018_Ratio H/L normalized pP3,,
CK2022_7 40-1,0.5671167361116256,0.4707378425910183
AS2011_Ratio H/L Inhi_1_3,,
NJH2025_Sub10_HIIT_Mid,,
KTGR2014_Ratio H L Normalized Rep2_AA_starvation_0_15,,
JAW2011_Ratio H/L LS1b_1,,
PG2020_Intensity 4h_B,,
SR2019_BT549_Biol_repl_2,,
RM2024_Intensity D4-2,,
DB2022_LFQ intensity R2.2,0.5705380019508203,0.47012463190643905
JJ2018_Ratio H/L normalized,,
RB2022_5_PostEndurance,0.5660861885953777,
HS2024_5_PD_T2,,
WZ2023_Su_025_20min,0.5670188375556316,0.46793417476062693
RM2024_Intensity D2-2___1,,
IMM2018_normalised rep. int. CDK5L-2,0.5708821129612632,
LY2019_P8-,0.5510949026656312,0.46960489257710253
JVO2010_Ratio H/M Normalized by Protein ThymON - Log2 G2,,
CKC2017_log2 normalized phosphoproteomics_15min_rep#3,0.5600055249756754,0.4642725913509641
FSO2013_Ratio H/L normalized Rep1,,
NJH2024_Sub2_HIIT_Pre,,
CKC2017_log2 normalized phosphoproteomics_60min_rep#2,0.5579002331601449,0.46398788870694696
CK2022_13 40-1,0.5631558929726496,0.46791583981126955
FSO2012_Ratio -/+ 3-MB-PP1 exp. wt4a,,
RN2012_H02,0.5692281849684482,0.4691824596689228
PG2020_Intensity 10h_D,,
RB2022_8_PreEndurance,0.5632197264952696,
HS2024_3_B_N2,,
EJN2021_4_Ex_Ins,0.5640884592235796,0.46997929025488466
AS2011_Ratio H/L Normalized by Protein,,
EJN2021_1_Ex_Ins,0.5674251642373872,0.4679114914493321
EP2017_Pervanadate R#3 log2 ratio,0.5712502410612694,0.4642840669428627
FSO2013_Ratio M/L normalized Rep1___3,,
NJH2025_Sub4_HIIT_Mid,,
RCJD2014_5min_2,0.5605672316085586,0.4680469126977947
RB2022_6_PostStrength,0.5710485682770537,
AH2018_SILAC_MR_3_C,0.5819352905269932,0.46717778192041154
AH2018_LFQ_M_4_C,0.580232265302696,0.4703773759874129
NJH2024_Sub4_MICT_Pre,,
AS2011_Ratio H/L Normalized Inhi_1_1,,
DL2023_12h-1,0.5730567792964147,0.46754712471900217
MV2014_Ratio L/M normalized B2___1 (30 min),,
DB2022_LFQ intensity L1.1,0.5680628007866015,0.4695686657797627
NJH2025_Sub6_MICT_Pre,,
NJH2025_Sub6_MICT_Post,,
CKC2017_log2 normalized phosphoproteomics_60min_rep#3,0.5582864777316277,0.4644879025024377
RN2012_H04,0.5580524792577165,0.46285519843619083
CK2022_6 40-1,0.5671306343020375,0.4703003923819808
DB2022_LFQ intensity R2.1,0.5721324805217147,0.4701864912640746
KBE2022_Log2_Ex_42_U,0.5717165636761846,0.4704827166452808
LY2019_P3-,0.5552106093944493,0.4683640616641778
FR2021_Intensity.A,,
EJN2021_3_Ex_Ins,0.5665556864096694,0.4645807375887254
MV2014_Ratio M/L normalized A1___1 (2 min),,
WZ2023_Pe_005_30min,0.5698966297202155,0.4715056266623327
HS2024_8_PD_T3,,
EJN2021_3_Ex_Basal,0.5666578209667631,0.4663948917396794
AST2020_Control.1,,
JW2015_Intensity cap1,,
PG2020_Intensity CT_A,,
FS2019_Ctr3,,
WZ2023_Pu_025_20min,0.5684429593728269,0.47040070344752133
NJH2025_Sub4_MICT_Post,,
JVO2010_Ratio H/M Normalized by Protein Noco3h - Log2 Late S,,
GF2025_P10_Adh,0.5748611160618566,0.48176345518897734
RB2022_1_RecoveryStrength,0.5716559527061676,
SR2019_HCC1954_Biol_repl_4,,
FR2021_Norm.Intensity.N,,
HS2024_5_B_N1,,
FSO2013_Ratio H/M normalized Rep3___3,,
AH2018_TMTMS2_2_C,0.5944493326332978,0.4755848094617384
RB2022_4_PreSprint,0.5758026262245408,0.47108163087394744
DB2022_Intensity R2,0.5701583571535117,0.4705942970141656
AH2018_TMTMS2_Pool,0.5659256439864375,0.47606874984784237
HS2024_8_I_N2,,
RB2022_3_RecoveryStrength,0.5673243939735355,
NJH2024_Sub6_HIIT_Mid,,
AH2018_SILAC_M_1_C,0.5787063443651381,0.47057492415024377
LY2019_P8+,0.5645059388153509,0.469919532867439
RB2022_2_RecoveryEndurance,0.5726346590375874,
JJ2018_Ratio H/M normalized pP2___1,,
JAW2011_Ratio H/L HS_1,,
RB2022_3_PostEndurance,0.5700045404228983,
KS2014_Intensity pY_PV1,,
JAW2011_Ratio H/L LS1b_2,,
SR2019_MCF7_Biol_repl_2,,
NJH2015_TMT Subject 2 128_N/127_C (Exercise/Basal) (normalized),,0.4638333786674134
AS2011_Ratio H/L Normalized RNAi_1_1,,
AH2018_LFQ_M_4_X,0.5825772157446665,0.4688720766096271
NJH2024_Sub6_MICT_Pre,,
JJ2018_Ratio M/L normalized pP1___2,,
YP2020_Intensity C30_R2_mult_log2,,
NJH2024_Sub9_HIIT_Pre,,
AS2011_Ratio H/L Normalized Inhi_2_3,,
RM2024_Intensity D0-1___3,,
FSO2012_Ratio -/+ 3-MB-PP1 exp. wt3,,
KBE2022_Log2_Ex_28_U,0.5687694729683158,0.46884713141352075
GRW2016_Ratio H/L normalized SILAC 1___1,,
CF2017_FTE 17,0.5743951372189036,0.4797566081735068
LY2019_P2-,0.5656716267217368,0.4718512885721945
AH2018_LFQ_IT_1_X,0.575884192762795,0.46675243059311017
JJ2018_Ratio H/L normalized pP3___1,,
RB2022_8_RecoveryStrength,0.5694902259159313,
WZ2023_Pe_005_20min,0.569556861853504,0.47085660712091
AST2020_Control.2,,
NJH2025_Sub6_MICT_Mid,,
RCJD2014_10min_1,0.5684778449205632,0.47164986807163534
FSO2013_Ratio H/L normalized Rep2___3,,
JVO2010_Ratio M/L Normalized by Protein Noco3h - Log2 G1,,
HS2024_3_I_T1,,
FSO2012_Ratio -/+ 3-MB-PP1 exp. as2a,,
CK2022_4 40-1,0.5639364437669686,0.46966540345151914
SR2019_MCF10A_Biol_repl_4,,
KS2014_Intensity pY_C5,,
NJH2025_Sub4_MICT_Pre,,
NJH2024_Sub9_MICT_Post,,
CF2017_OSE 28,0.5641229871681328,0.47101748179597025
HS2024_5_B_T2,,
HS2024_6_I_T1,,
HS2024_5_B_T3,,
JJ2018_Ratio H/M normalized pP1___1,,
KBE2022_Log2_Ex_36_U,0.567830978957298,0.4679047732359538
AH2018_TMTMS3_3_N,0.5659333247437461,0.47626088134386424
SR2019_HCC1419_Biol_repl_2,,
FR2021_Intensity.N,,
AS2011_Ratio H/L Inhi_2_1,,
AH2018_SILAC_MR_1_C,0.582598254652658,0.466112287277751
NJH2024_Sub1_HIIT_Mid,,
NJH2025_Sub8_HIIT_Mid,,
EP2017_Mitotic R#3 log2 ratio,0.5784175220441263,0.4649447373040252
KBE2022_Log2_Ex_36_T,0.567776243367094,0.467594207621698
NJH2025_Sub6_HIIT_Mid,,
WZ2023_Pu_005_30min,0.5657676200145075,0.4682324259570035
KS2014_Intensity C2,0.5658995015004357,0.46845984485182224
FSO2013_Ratio H/L normalized Rep1___2,,
RM2024_Intensity D2-2,,
KBE2022_Log2_Ex_42_T,0.5686710880568142,0.4694504751426991
CK2022_9 200-1,0.5627683303514704,0.4654878306007691
GRW2016_Ratio H/L normalized SILAC 2___1,,
JJ2018_Ratio H/M normalized pP3___2,,
DB2022_LFQ intensity R1.1,0.5652417678328292,
CK2022_10 200-1,0.5632865472472622,0.4655931689771378
NJH2024_Sub9_MICT_Mid,,
JAW2011_Ratio H/L_2,,
HS2024_7_I_N2,,
RBK2021_1332T Late,,0.47170659514240565
LY2019_P1-,0.566331434505093,0.4698312091493287
RKK2015_TNF-α/basal.1,,
RKK2015_TNF-α/TNF-α+SC-514,,
CR2017_Ratio Replicate 2.5,,
HS2024_3_I_T3,,
CKC2017_log2 normalized phosphoproteomics_90min_rep#2,0.5579191754586037,0.46432167861725765
AS2011_Ratio H/L Normalized RNAi_1,,
KS2014_Intensity E15_4,0.5676463226770488,0.4653905766175474
ZQ2022_C3,0.5641305745650382,0.46899997073870126
EJN2021_3_Rest_Ins,0.566209542360561,0.4691929092298259
YP2020_Intensity P10_R2_mult_log2,,
MV2014_Ratio H/L normalized A1___3 (10 min),,
NJH2025_Sub1_MICT_Pre,,
KBE2022_Log2_Ex_39_T,0.5686578317230999,0.4684621708617601
FSO2013_Ratio H/M normalized Rep3___2,,
RM2024_Intensity D6-2,,
EP2017_Untreated R#1 log2 ratio,0.5567651656131363,0.4795903156637702
RKK2015_SC-514/basal,,
RM2024_Intensity D6-1___3,,
WZ2023_Pu_010_10min,0.5690066855950507,0.4701468675334607
NJH2025_Sub9_HIIT_Mid,,
SR2019_SKBR3_Biol_repl_4,,
HS2024_5_I_T3,,
KS2014_Intensity N1,0.5653621295985884,0.46468489784816863
NJH2024_Sub12_MICT_Post,,
TM2022_S2.8h.C,0.5703984830568982,
CR2017_Ratio Replicate 1,,
AS2011_RNAi 1_Ratio H/L normalized by corresponding protein level (H: shPlk1; L: shEg5),,
CKC2017_log2 normalized phosphoproteomics_30min_rep#3,0.5583828212763168,0.46387989805068597
JJ2018_Ratio H/M normalized pP3,,
AH2018_SILAC_MR_2_C,0.5811367489741992,0.4628225138637434
LATM2013_Log2 Ratio (Medium/Light) Forward,,
PG2020_Intensity 2h_A,,
NJH2024_Sub6_MICT_Mid,,
NJH2025_Sub13_HIIT_Post,,
AH2018_SILAC_MR_3_X,0.5834469994767406,0.4667698895435114
JJ2018_Ratio H/M normalized___1,,
RCJD2014_15min_2,0.5727284191808317,0.47127158354394155
AS2011_Ratio H/L_2,,
AS2011_Ratio H/L Normalized,,
RN2012_H03,0.5618941154271488,0.46611160331973384
HS2024_5_B_N2,,
HS2024_5_I_N1,,
HS2024_6_I_N1,,
AR2021_KD 48h,0.5545308294333715,0.4615309899773016
FR2021_Intensity.B,,
RB2022_3_PreEndurance,0.5666509571657047,
HS2024_5_I_T1,,
NJH2024_Sub10_MICT_Pre,,
SR2019_LM2_Biol_repl_2,0.5691499307972925,
AST2020_anti-CD3,,
SR2019_MDAMB231_Biol_repl_1,,
RM2024_Intensity D2-3___3,,
WZ2023_Pe_005_10min,0.5697287920389792,0.4710473168691226
KBE2022_Log2_Ex_29_U,0.5685460723370561,0.46838453395072155
HS2024_7_B_T1,,
AH2018_LFQ_M_2_X,0.5828341998597101,0.47130573109393814
AH2018_LFQ_IT_4_N,0.5747446349556152,0.46922713503822594
CK2022_15 200-1,0.5598510746479238,0.4650338049898266
RM2024_Intensity D4-1___2,,
JJ2018_Ratio H/M normalized,,
JJ2018_Ratio M/L normalized pP3___1,,
KBE2022_Log2_Ex_34_T,,0.47044002267827456
CKC2017_log2 normalized phosphoproteomics_0min_rep#2,0.5609423303142389,0.4657221007259424
LY2019_P2+,0.5710466734868146,0.47096731495795674
LATM2013_Log2 Ratio (Light/Medium) Reverse,,
CK2022_2 200-1,0.562948630601607,0.4663495497293337
AS2011_Ratio H/L Protein RNAi_2,,
MV2014_Ratio L/H normalized A3___1 (2 min),,
WZ2023_Su_010_30min,0.56726992425857,0.46964186754755793
RN2012_H01,0.5632629645531916,0.46687126208011026
KTGR2014_Ratio-Rapa 2 mins,,
EJN2021_2_Rest_Basal,0.5691673663193884,0.4707024105388169
KS2014_Intensity pY_E5_3,,
MM2018_Ratio H/L replicate 3,,
EP2017_Pervanadate R#1 normalized log2 ratio,0.5623375737197309,0.4679351264486799
HS2024_8_B_T3,,
YA2020_Reporter_intensity_Cancer_No.3,0.5647983776909937,0.46515677826520674
KBE2022_Log2_Ex_44_U,,0.46877599499262324
WZ2023_Pe_010_20min,0.5691051322000888,0.4706270648642967
KS2014_Intensity pY_C6,,
AS2011_Ratio H/L Normalized_3,,
RCJD2014_15min_mean,0.575176661225852,0.4677002865562135
RB2022_3_PreStrength,0.5700783383380789,
NJH2015_iTRAQ Subject 3 116/117 (Exercise/Basal) (normalized),,
RCJD2014_10min_mean,0.5655648858106346,0.4682936513568481
KS2014_Intensity C1,0.5647148931583933,0.4680125967226384
FSO2013_Ratio H/M normalized Rep3___1,,
AH2018_SILAC_M_3_C,0.574248856844263,0.4702988120549551
RKK2015_TNF-α+IKKb/TNF-α,,
RM2024_Intensity D0-3___2,,
FSO2012_Ratio -/+ 3-MB-PP1 exp. wt2a,,
AH2018_SILAC_M_2_C,0.5790104046977479,0.47106503099482616
AH2018_SILAC_M_2_X,0.5773920099669767,0.4685324988924825
KTGR2014_Ratio-Rapa 15 mins,,
RM2024_Intensity D4-2___1,,
KBE2022_Log2_Ex_15_T,0.5694612555834193,0.46884021597700787
VOI2024_0.1uM 24 h_1 di,,
WZ2023_Su_010_10min,0.5667028834455256,0.46925710374930263
PG2020_Intensity 6h_C,,
JVO2010_Ratio M/L Normalized by Protein Noco45 - Log2 mitosis,,
JJ2018_Ratio M/L normalized pP1___1,,
AH2018_LFQ_M_3_N,0.5838964943508793,0.47233878203622626
VOI2024_0.1uM 24 h_2 mono,,
AH2018_TMTMS2_3_C,0.5918449070127061,0.47355462981199586
CK2022_15 16-1,0.5675755935276842,
CK2022_3 16-1,0.5681315313753516,
LY2019_P4-,0.5792508055125382,0.475216587715943
FSO2013_Ratio H/L normalized Rep3___2,,
KS2014_Intensity pY_PV2,,
HS2024_3_I_N2,,
GF2025_P8_Adh,0.5815822835314879,0.4781758500027556
YC2018_Log2(SKBR3-LR/SKBR3)_Rep.2-2,,
GF2025_P5_Sph,0.5614496201645499,0.46696113393194744
CK2022_10 16-1,0.570055418446066,
KTGR2014_Ratio H L Normalized Rep1_AA_starvation_0_15,,
VOI2024_0.1uM 2 h_2 di,,
NJH2015_TMT Pool 131/130_C (Exercise/Basal) (normalized),,0.47417429807201983
NJH2024_Sub2_HIIT_Mid,,
AMK2021_45I_p3,,
NJH2024_Sub13_HIIT_Mid,,
DB2022_LFQ intensity R1.2,0.5702938022649034,0.4695893737029914
DB2022_Intensity R1,0.5711948795813422,0.4707210531801819
NJH2024_Sub12_MICT_Mid,,
KTGR2014_Ratio M L Normalized Rep1_Rapamycin_0_15,,
UK2020_HCM_4,0.56322295078919,0.47020308967667485
SAS2015_AZD/DMSO_Exp2,,
IMM2018_normalised rep. int. CDK5L-1,0.570982528029937,
DB2022_LFQ intensity L2.2,0.5663755291779992,
KTGR2014_Ratio H M Normalized Rep1_AA_starvation_0_15,,
EP2017_Mitotic R#1 log2 ratio,0.5829368506069238,0.46470187518539713
EJN2021_2_Ex_Basal,0.5693396089087873,0.470552637838784
RM2009_Ratio H/L Normalized by Corresponding Protein Level (H:60 min timepoint;L:0 min. timepoint),,
KTGR2014_Ratio-Rapa 30 mins,,
CKC2017_log2 normalized phosphoproteomics_90min_rep#1,0.5589390538313471,0.46445599179658026
CF2017_FTE 16,0.5814009834922202,0.4711563641382221
AR2021_L41 10 μM,0.548178551349145,0.4564140573890923
CF2017_EOC 2,0.5656126221847719,0.468222011074115
RB2022_6_PostEndurance,0.5715623062853821,
AH2018_SILAC_1_N,0.5770722975445365,0.4675199732649591
NJH2024_Sub10_HIIT_Pre,,
AS2011_Ratio H/L Inhi_1_2,,
UK2020_HCM_6,0.5638730278972167,0.47215373014536816
RB2022_7_PreSprint,0.5677620360769554,0.46503407623706344
NJH2024_Sub2_MICT_Pre,,
HS2024_3_PD_T2,,
CK2022_6 16-1,0.5700041985772086,
ZX2022_CB treated Replicate 1,0.5448134552000077,0.4627493814009259
BS2014_Log2(Ratio H/L normalized Rep_3),,
TM2022_mock.12h.C,0.5703539620286072,
GRW2016_Ratio M/L normalized SILAC 5a___1,,
HH2022_Reporter intensity 0,0.5613674289587943,0.46664098348125493
RM2024_Intensity D2-2___2,,
JC2019_Normalised_intensity_B_TiOx_Testis_sample_URO0126,,
RB2022_1_PreStrength,0.5714369536603099,
JJ2018_Ratio H/M normalized pP2___2,,
AH2018_TMTMS2_2_X,0.5931721024207934,0.47675256209332584
AR2021_L41 1 μM,0.5509975421770098,0.47510572701943693
JJ2018_Ratio H/M normalized pP1___2,,
AH2018_TMTMS2_1_N,0.5957002782525541,0.4778190943522717
NJH2025_Sub10_MICT_Pre,,
JVO2010_Ratio H/M Normalized by Protein Noco45 - Log2 early S,,
ZX2022_Control Replicate 3,0.5490042939771488,0.4649791727164513
KS2014_Intensity C4,0.5637178026410327,
AS2011_Ratio H/L Inhi_2,,
KBE2022_Log2_Ex_18_T,0.567568399797037,0.46753982423244045
NJH2025_Sub9_MICT_Pre,,
RCJD2014_20min_1,0.5689530142884164,0.47293739485922787
MV2014_Ratio H/M normalized B2___1 (5 min),,
FSO2013_Ratio M/L normalized Rep2___3,,
JC2019_Normalised_intensity_C_TiOx_Testis_sample_URO0158,0.5713512158885868,
SR2019_MCF10A_Biol_repl_3,,
HS2024_7_B_T2,,
SAS2015_PLX/DMSO_Exp3,,
AMK2021_Ctrl_p5,,
NJH2025_Sub2_HIIT_Mid,,
AH2018_LFQ_M_3_C,0.5827735282615187,0.4717491211248265
CKC2017_log2 normalized phosphoproteomics_15min_rep#2,0.5576274499896353,0.46510510994098797
YA2020_Reporter_intensity_Cancer_No.2,0.5693122512451139,0.47466408456874076
FSO2013_Ratio H/M normalized Rep2___3,,
RB2022_8_PreSprint,0.5721116509240822,
AH2018_SILAC_IT_3_C,0.5769300891038625,0.46665866402233996
WZ2023_Pu_025_10min,0.5689080443036155,0.46978896605885057
RM2024_Intensity D2-2___3,,
AS2011_Ratio H/L_1,,
RCJD2014_10min_3,0.5745082681036475,0.47095387370259123
FSO2013_Ratio M/L normalized Rep3___1,,
SR2019_JIMT1_Biol_repl_4,,
YP2020_Intensity C10_R2_mult_log2,,
ZCP2016_Ratio H/L Rep 2,,0.46918971137316695
CF2017_EOC 4,0.5628385087975503,0.4661489634071445
JJ2018_Ratio H/L normalized pP1___1,,
WZ2023_Pe_010_30min,0.5690226921152829,0.4698482868200169
MV2014_Ratio L/M normalized B2___3 (30 min),,
AH2018_LFQ_IT_3_N,0.5776039035899956,0.4707603082551317
KS2014_Intensity C6,0.5641762512774275,0.4682592023070398
ZQ2022_N3,0.5747665513473201,0.47202019926905875
HW2015_Ratio H/L normalized Exp1,,
CK2022_12 40-1,0.564476888271155,0.46887002250560667
NJH2024_Sub7_MICT_Pre,,
ZX2022_Control Replicate 1,0.5517093785839426,0.46618173005432223
JJ2018_Ratio H/M normalized pP1,,
CK2022_16 40-1,0.5632701426643167,0.4684782741774698
AH2018_SILAC_IT_2_C,0.5751640916254164,0.46593031191208967
CK2022_5 40-1,0.5670208576672455,0.4703792796766044
AH2018_LFQ_3_X,0.5769622295102637,0.4677279296230842
UK2020_UA_3,0.5653345567096372,0.4703696819321467
LY2019_P7-,0.560358454159225,0.4668868950031897
GF2025_P5_Adh,0.552608062082772,0.45662742224828207
RB2022_1_PostStrength,0.5707461490319043,
JAW2011_Ratio H/L LS1b,,
FSO2013_Ratio H/L normalized Rep3___1,,
SR2019_HCC1954_Biol_repl_3,,
CR2017_Ratio Replicate 2.2,,
VOI2024_0.1uM 2 h_1 mono,,
MV2014_Ratio L/M normalized A2___1 (10 min),,
RNJ2017_Log2_ratio_Tsup:Tstim_D3,,
CK2022_11 16-1,0.5699344058156047,
ZQ2022_C1,0.5621576137220038,0.4691480298729686
CR2017_Ratio Replicate 2.1,0.5730673338062391,
PG2020_Intensity CT_B,,
JJ2018_Ratio M/L normalized___2,,
AH2018_SILAC_MR_1_N,0.5784991701252942,0.46532273680016706
KS2014_Intensity pY_E5_1,,
JW2021_Before_3,,
NJH2015_iTRAQ Subject 2 117/116 (Exercise/Basal) (normalized),,0.46794435182711186
MV2014_Ratio M/H normalized B3___3 (30 min),,
FS2019_db/db1,,
NJH2025_Sub9_HIIT_Pre,,
JAW2011_Ratio H/L_1,,
RCJD2014_20min_3,0.5693859795532557,0.47023492270583855
AH2018_LFQ_3_C,0.5748151721465483,0.46858844927373305
JJ2018_Ratio M/L normalized pP3___2,,
AMK2021_45I_p1,,
NJH2025_Sub8_HIIT_Post,,
AH2018_LFQ_M_3_X,0.5846262094282153,0.4708955341213523
YA2020_Reporter_intensity_Cancer_No.4,0.5673093804504127,0.4684137487816717
KS2014_Intensity pY_E5_2,,
FSO2013_Ratio H/L normalized Rep1___3,,
GF2025_P4_Sph,0.5652441544485485,0.46593346562709576
RB2022_2_PreEndurance,0.5770071592874432,0.46954116898467435
JW2021_Before_1,,
KBE2022_Log2_Ex_25_T,,0.4679194375304469
AS2011_Ratio H/L Normalized by Proteins Inhi_2,,
MV2014_Ratio L/M normalized A2___2 (10 min),,
JJ2018_Ratio M/L normalized___1,,
FR2021_Intensity.H,,
CK2022_14 16-1,0.5679163881813047,
AST2020_anti-CD3+PDL2,,
MV2014_Ratio M/L normalized B1___1 (5 min),,0.4698543808354076
KBE2022_Log2_Ex_19_T,0.5695978112976361,0.4700521585931504
KS2014_Intensity pY_N1,,
RB2022_1_RecoveryEndurance,0.5693684132642742,
FSO2013_Ratio H/M normalized Rep1___2,,
HS2024_8_I_T1,,
NJH2015_iTRAQ Subject 1 115/114 (Exercise/Basal) (normalized),,0.46790602447382734
EP2017_Mitotic R#2 log2 ratio,0.5860982326360187,0.46712621868296644
AH2018_TMTMS2_1_X,0.594385860101347,0.4774922421391807
KTGR2014_Ratio M L Normalized Rep2_AA_starvation_0_15,,
ZCP2016_Ratio H/L Rep 3,0.5709669444424514,0.469570514709358
AS2011_Ratio H/L Normalized RNAi_1_3,,
SR2019_MCF10A_Biol_repl_1,,
NJH2025_Sub8_MICT_Mid,,
EJN2021_5_Ex_Ins,0.5674617963944166,0.4672043115750884
HS2024_6_I_N2,,
HH2022_Reporter intensity 4,0.57398552730646,0.4715662406407314
RBK2021_1326T Late,,0.4721510179277789
TM2022_mock.12h.B,0.5703173925089787,
NJH2024_Sub12_MICT_Pre,,
RCJD2014_15min_3,0.5665845361959809,0.46858193523720015
MV2014_Ratio L/H normalized B3___2 (5 min),,
LG2023_Control-3_intensity,0.5737292379248046,
JJ2018_Ratio H/L normalized pP3___2,,
CF2017_FTE 15,0.5825713952322905,0.48084062564281865
HS2024_4_I_T3,,
AH2018_SILAC_1_X,0.5758630425709549,0.4667571373653541
PG2020_Intensity 10h_B,,
AH2018_TMTMS3_1_X,0.5671291163285765,0.47597040656129413
CF2017_FTE 14,0.578022950249652,0.4732984909286488
NJH2024_Sub13_HIIT_Post,,
RM2024_Intensity D6-3___3,,
NJH2025_Sub7_HIIT_Pre,,
RBK2021_1259T Early,,0.4678260449276472
RKK2015_IKK+TNF-α/IKKb,,
FSO2012_Ratio -/+ 3-MB-PP1 exp. as1b,,
PG2020_Intensity 6h_A,,
SR2019_HCC1419_Biol_repl_3,,
KBE2022_Log2_Ex_14_T,0.5681730184113094,0.4676240796937743
EP2017_Untreated R#2 normalized log2 ratio,0.5559478959716944,0.4697246733926211
RM2024_Intensity D0-2___1,,
DB2022_Intensity L1,0.5687995655950825,0.47005268590598326
LY2019_P5+,0.5793202403325391,0.4719944178190823
HS2024_5_I_N2,,
SAS2015_PLX/AZD_Exp3,,
EP2017_Pervanadate R#2 log2 ratio,0.57063583130715,0.4639759335435666
AS2011_Ratio H/L Normalized RNAi_2_1,,
